FID	IID	family
SH00001	SH00001	GS1-018
SH00005	SH00005	GS1-018
SH00007	SH00007	GS1-018
SH00008	SH00008	GS1-018
SH00010	SH00010	GS1-018
SH00012	SH00012	GS1-018
SH00013	SH00013	GS1-018
SH00014	SH00014	GS1-018
SH00016	SH00016	GS1-018
SH00017	SH00017	GS1-018
SH00019	SH00019	GS1-018
SH00020	SH00020	GS1-018
SH00022	SH00022	GS1-018
SH00024	SH00024	GS1-018
SH00028	SH00028	GS1-018
SH00029	SH00029	GS1-018
SH00031	SH00031	GS1-018
SH00032	SH00032	GS1-018
SH00033	SH00033	GS1-018
SH00035	SH00035	GS1-018
SH00039	SH00039	GS1-018
SH00040	SH00040	GS1-018
SH00041	SH00041	GS1-018
SH00042	SH00042	GS1-018
SH00044	SH00044	GS1-018
SH00045	SH00045	GS1-018
SH00050	SH00050	GS1-018
SH00051	SH00051	GS1-018
SH00053	SH00053	GS1-018
SH00062	SH00062	GS1-018
SH00071	SH00071	GS1-018
SH00075	SH00075	GS1-018
SH00076	SH00076	GS1-018
SH00078	SH00078	GS1-018
SH00079	SH00079	GS1-018
SH00080	SH00080	GS1-018
SH00082	SH00082	GS1-018
SH00084	SH00084	GS1-018
SH00086	SH00086	GS1-018
SH00087	SH00087	GS1-018
SH00088	SH00088	GS1-018
SH00091	SH00091	GS1-018
SH00092	SH00092	GS1-018
SH00096	SH00096	GS1-018
SH00097	SH00097	GS1-018
SH00099	SH00099	GS1-018
SH00100	SH00100	GS1-018
SH00104	SH00104	GS1-018
SH00105	SH00105	GS1-018
SH00107	SH00107	GS1-018
SH00108	SH00108	GS1-018
SH00109	SH00109	GS1-018
SH00110	SH00110	GS1-018
SH00111	SH00111	GS1-018
SH00113	SH00113	GS1-018
SH00115	SH00115	GS1-018
SH00117	SH00117	GS1-018
SH00118	SH00118	GS1-018
SH00121	SH00121	GS1-018
SH00122	SH00122	GS1-018
SH00123	SH00123	GS1-018
SH00124	SH00124	GS1-018
SH00126	SH00126	GS1-018
SH00127	SH00127	GS1-018
SH00129	SH00129	GS1-018
SH00130	SH00130	GS1-018
SH00131	SH00131	GS1-018
SH00137	SH00137	GS1-030
SH00139	SH00139	GS1-030
SH00140	SH00140	GS1-030
SH00142	SH00142	GS1-030
SH00143	SH00143	GS1-030
SH00144	SH00144	GS1-030
SH00145	SH00145	GS1-030
SH00146	SH00146	GS1-030
SH00147	SH00147	GS1-030
SH00150	SH00150	GS1-030
SH00152	SH00152	GS1-030
SH00154	SH00154	GS1-030
SH00157	SH00157	GS1-030
SH00158	SH00158	GS1-030
SH00160	SH00160	GS1-030
SH00161	SH00161	GS1-030
SH00164	SH00164	GS1-030
SH00166	SH00166	GS1-030
SH00168	SH00168	GS1-030
SH00170	SH00170	GS1-030
SH00172	SH00172	GS1-030
SH00173	SH00173	GS1-070
SH00174	SH00174	GS1-030
SH00175	SH00175	GS1-070
SH00182	SH00182	GS1-030
SH00184	SH00184	GS1-030
SH00185	SH00185	GS1-070
SH00186	SH00186	GS1-030
SH00187	SH00187	GS1-030
SH00189	SH00189	GS1-030
SH00191	SH00191	GS1-070
SH00192	SH00192	GS1-030
SH00193	SH00193	GS1-030
SH00194	SH00194	GS1-030
SH00195	SH00195	GS1-030
SH00196	SH00196	GS1-030
SH00197	SH00197	GS1-030
SH00198	SH00198	GS1-030
SH00200	SH00200	GS1-030
SH00202	SH00202	GS1-030
SH00203	SH00203	GS1-030
SH00204	SH00204	GS1-030
SH00206	SH00206	GS1-030
SH00207	SH00207	GS1-030
SH00208	SH00208	GS1-030
SH00209	SH00209	GS1-030
SH00210	SH00210	GS1-030
SH00212	SH00212	GS1-030
SH00214	SH00214	GS1-030
SH00217	SH00217	GS1-030
SH00221	SH00221	GS1-030
SH00225	SH00225	GS1-030
SH00226	SH00226	GS1-030
SH00229	SH00229	GS1-030
SH00230	SH00230	GS1-030
SH00233	SH00233	GS1-030
SH00234	SH00234	GS1-030
SH00235	SH00235	GS1-030
SH00237	SH00237	GS1-030
SH00238	SH00238	GS1-030
SH00239	SH00239	GS1-030
SH00240	SH00240	GS1-030
SH00245	SH00245	GS1-030
SH00248	SH00248	GS1-030
SH00254	SH00254	GS1-030
SH00255	SH00255	GS1-030
SH00256	SH00256	GS1-030
SH00257	SH00257	GS1-030
SH00258	SH00258	GS1-030
SH00260	SH00260	GS1-030
SH00262	SH00262	GS2-021
SH00263	SH00263	GS1-030
SH00265	SH00265	GS2-021
SH00267	SH00267	GS2-021
SH00268	SH00268	GS2-021
SH00269	SH00269	GS2-021
SH00271	SH00271	GS2-021
SH00272	SH00272	GS2-021
SH00276	SH00276	GS2-014
SH00277	SH00277	GS2-021
SH00279	SH00279	GS2-021
SH00280	SH00280	GS2-021
SH00282	SH00282	GS2-021
SH00284	SH00284	GS2-021
SH00285	SH00285	GS2-021
SH00289	SH00289	GS2-021
SH00290	SH00290	GS2-021
SH00292	SH00292	GS2-021
SH00296	SH00296	GS2-021
SH00297	SH00297	GS2-021
SH00301	SH00301	GS2-021
SH00302	SH00302	GS2-021
SH00304	SH00304	GS2-021
SH00306	SH00306	GS2-021
SH00308	SH00308	GS2-021
SH00311	SH00311	GS2-021
SH00313	SH00313	GS2-021
SH00317	SH00317	GS2-021
SH00318	SH00318	GS2-021
SH00319	SH00319	GS2-021
SH00321	SH00321	GS2-021
SH00322	SH00322	GS2-021
SH00323	SH00323	GS2-021
SH00325	SH00325	GS2-021
SH00326	SH00326	GS2-021
SH00327	SH00327	GS2-021
SH00329	SH00329	GS2-021
SH00331	SH00331	GS2-021
SH00333	SH00333	GS2-021
SH00334	SH00334	GS2-021
SH00335	SH00335	GS2-021
SH00337	SH00337	GS2-021
SH00340	SH00340	GS2-021
SH00342	SH00342	GS2-021
SH00343	SH00343	GS2-021
SH00345	SH00345	GS2-021
SH00347	SH00347	GS2-021
SH00348	SH00348	GS2-021
SH00349	SH00349	GS2-021
SH00350	SH00350	GS2-021
SH00353	SH00353	GS2-021
SH00354	SH00354	GS2-021
SH00355	SH00355	GS2-021
SH00356	SH00356	GS2-021
SH00358	SH00358	GS1-031
SH00360	SH00360	GS2-021
SH00361	SH00361	GS2-021
SH00362	SH00362	GS2-021
SH00367	SH00367	GS2-021
SH00369	SH00369	GS2-021
SH00370	SH00370	GS2-021
SH00373	SH00373	GS2-021
SH00376	SH00376	GS2-021
SH00378	SH00378	GS2-021
SH00379	SH00379	GS2-021
SH00381	SH00381	GS2-021
SH00382	SH00382	GS2-021
SH00383	SH00383	GS2-021
SH00384	SH00384	GS2-021
SH00386	SH00386	GS2-021
SH00387	SH00387	GS2-021
SH00388	SH00388	GS2-021
SH00393	SH00393	GS2-021
SH00395	SH00395	GS2-021
SH00397	SH00397	GS2-021
SH00398	SH00398	GS2-021
SH00399	SH00399	GS2-021
SH00400	SH00400	GS2-021
SH00401	SH00401	GS2-021
SH00403	SH00403	GS2-021
SH00405	SH00405	GS2-021
SH00406	SH00406	GS2-021
SH00407	SH00407	GS2-021
SH00408	SH00408	GS2-021
SH00409	SH00409	GS2-021
SH00410	SH00410	GS2-021
SH00415	SH00415	GS2-021
SH00417	SH00417	GS2-021
SH00419	SH00419	GS2-021
SH00422	SH00422	GS2-021
SH00423	SH00423	GS2-021
SH00424	SH00424	GS2-021
SH00425	SH00425	GS2-021
SH00426	SH00426	GS2-021
SH00428	SH00428	GS2-021
SH00429	SH00429	GS2-021
SH00430	SH00430	GS2-021
SH00431	SH00431	GS2-021
SH00432	SH00432	GS2-021
SH00433	SH00433	GS2-021
SH00434	SH00434	GS2-021
SH00435	SH00435	GS2-021
SH00437	SH00437	GS2-021
SH00440	SH00440	GS2-021
SH00441	SH00441	GS2-021
SH00442	SH00442	GS2-021
SH00443	SH00443	GS2-021
SH00446	SH00446	GS2-021
SH00448	SH00448	GS2-021
SH00449	SH00449	GS2-021
SH00450	SH00450	GS2-021
SH00453	SH00453	GS2-021
SH00454	SH00454	GS2-021
SH00456	SH00456	GS2-021
SH00457	SH00457	GS2-021
SH00460	SH00460	GS2-021
SH00462	SH00462	GS2-021
SH00463	SH00463	GS2-021
SH00464	SH00464	GS2-026
SH00465	SH00465	GS2-026
SH00467	SH00467	GS2-026
SH00469	SH00469	GS2-026
SH00472	SH00472	GS2-026
SH00473	SH00473	GS2-026
SH00475	SH00475	GS2-026
SH00479	SH00479	GS2-026
SH00480	SH00480	GS2-026
SH00481	SH00481	GS2-026
SH00484	SH00484	GS2-026
SH00485	SH00485	GS2-026
SH00486	SH00486	GS2-026
SH00487	SH00487	GS2-026
SH00489	SH00489	GS2-026
SH00490	SH00490	GS2-026
SH00492	SH00492	GS2-026
SH00496	SH00496	GS2-026
SH00497	SH00497	GS2-026
SH00498	SH00498	GS2-026
SH00499	SH00499	GS2-026
SH00500	SH00500	GS2-026
SH00501	SH00501	GS2-026
SH00502	SH00502	GS2-026
SH00503	SH00503	GS2-026
SH00504	SH00504	GS2-026
SH00506	SH00506	GS2-026
SH00508	SH00508	GS2-026
SH00509	SH00509	GS2-026
SH00510	SH00510	GS2-026
SH00513	SH00513	GS2-026
SH00515	SH00515	GS2-026
SH00516	SH00516	GS2-026
SH00517	SH00517	GS2-026
SH00518	SH00518	GS2-026
SH00519	SH00519	GS2-026
SH00520	SH00520	GS2-026
SH00521	SH00521	GS2-026
SH00523	SH00523	GS2-026
SH00524	SH00524	GS2-026
SH00525	SH00525	GS2-026
SH00526	SH00526	GS2-026
SH00527	SH00527	GS2-026
SH00528	SH00528	GS2-026
SH00530	SH00530	GS2-026
SH00531	SH00531	GS2-026
SH00532	SH00532	GS2-026
SH00533	SH00533	GS2-026
SH00534	SH00534	GS2-026
SH00535	SH00535	GS2-026
SH00537	SH00537	GS2-026
SH00539	SH00539	GS2-026
SH00540	SH00540	GS2-026
SH00541	SH00541	GS2-026
SH00542	SH00542	GS2-026
SH00543	SH00543	GS2-026
SH00545	SH00545	GS2-026
SH00546	SH00546	GS2-026
SH00547	SH00547	GS2-026
SH00549	SH00549	GS2-026
SH00550	SH00550	GS2-026
SH00551	SH00551	GS2-026
SH00552	SH00552	GS2-026
SH00553	SH00553	GS2-026
SH00554	SH00554	GS2-026
SH00555	SH00555	GS2-026
SH00556	SH00556	GS2-026
SH00557	SH00557	GS2-026
SH00558	SH00558	GS2-026
SH00559	SH00559	GS2-026
SH00560	SH00560	GS2-026
SH00561	SH00561	GS2-026
SH00562	SH00562	GS2-026
SH00563	SH00563	GS2-026
SH00564	SH00564	GS2-026
SH00566	SH00566	GS2-026
SH00567	SH00567	GS2-026
SH00568	SH00568	GS2-026
SH00569	SH00569	GS2-026
SH00570	SH00570	GS2-026
SH00572	SH00572	GS2-026
SH00573	SH00573	GS2-026
SH00574	SH00574	GS2-026
SH00575	SH00575	GS2-026
SH00576	SH00576	GS2-026
SH00577	SH00577	GS2-026
SH00578	SH00578	GS2-026
SH00579	SH00579	GS2-026
SH00580	SH00580	GS2-026
SH00585	SH00585	GS2-026
SH00586	SH00586	GS2-026
SH00587	SH00587	GS1-015
SH00588	SH00588	GS1-056
SH00590	SH00590	GS2-026
SH00591	SH00591	GS2-026
SH00592	SH00592	GS2-026
SH00595	SH00595	GS2-026
SH00596	SH00596	GS2-026
SH00597	SH00597	GS2-026
SH00598	SH00598	GS2-026
SH00603	SH00603	GS2-026
SH00604	SH00604	GS2-026
SH00606	SH00606	GS2-026
SH00607	SH00607	GS2-026
SH00608	SH00608	GS2-026
SH00609	SH00609	GS2-026
SH00615	SH00615	GS2-026
SH00616	SH00616	GS2-026
SH00618	SH00618	GS2-026
SH00619	SH00619	GS2-026
SH00620	SH00620	GS2-026
SH00621	SH00621	GS2-026
SH00622	SH00622	GS2-026
SH00626	SH00626	GS2-026
SH00628	SH00628	GS2-026
SH00630	SH00630	GS2-026
SH00631	SH00631	GS2-026
SH00632	SH00632	GS2-026
SH00633	SH00633	GS2-026
SH00635	SH00635	GS2-026
SH00637	SH00637	GS2-026
SH00638	SH00638	GS2-026
SH00639	SH00639	GS2-026
SH00640	SH00640	GS2-026
SH00641	SH00641	GS2-026
SH00642	SH00642	GS2-026
SH00643	SH00643	GS2-026
SH00644	SH00644	GS2-026
SH00645	SH00645	GS2-026
SH00647	SH00647	GS2-026
SH00650	SH00650	GS2-026
SH00651	SH00651	GS2-026
SH00652	SH00652	GS2-026
SH00653	SH00653	GS2-026
SH00654	SH00654	GS2-026
SH00655	SH00655	GS2-026
SH00657	SH00657	GS2-026
SH00658	SH00658	GS2-027
SH00659	SH00659	GS2-026
SH00660	SH00660	GS2-026
SH00661	SH00661	GS2-026
SH00662	SH00662	GS2-026
SH00670	SH00670	GS1-001
SH00671	SH00671	GS1-002
SH00672	SH00672	GS1-003
SH00673	SH00673	GS1-004
SH00674	SH00674	GS1-005
SH00676	SH00676	GS1-067
SH00679	SH00679	GS1-010
SH00680	SH00680	GS1-012
SH00682	SH00682	GS1-012
SH00683	SH00683	GS1-014
SH00684	SH00684	GS1-015
SH00685	SH00685	GS1-016
SH00686	SH00686	GS1-017
SH00687	SH00687	GS1-018
SH00688	SH00688	GS1-019
SH00689	SH00689	GS1-020
SH00690	SH00690	GS1-022
SH00691	SH00691	GS1-023
SH00692	SH00692	GS1-024
SH00693	SH00693	GS1-025
SH00694	SH00694	GS1-026
SH00695	SH00695	GS1-027
SH00696	SH00696	GS1-028
SH00697	SH00697	GS1-029
SH00698	SH00698	GS1-030
SH00699	SH00699	GS1-031
SH00700	SH00700	GS1-032
SH00701	SH00701	GS1-033
SH00702	SH00702	GS1-034
SH00703	SH00703	GS1-035
SH00704	SH00704	GS1-036
SH00705	SH00705	GS1-037
SH00706	SH00706	GS1-038
SH00707	SH00707	GS1-039
SH00708	SH00708	GS1-040
SH00709	SH00709	GS1-041
SH00710	SH00710	GS1-042
SH00711	SH00711	GS1-043
SH00712	SH00712	GS1-044
SH00713	SH00713	GS1-045
SH00714	SH00714	GS1-046
SH00715	SH00715	GS1-048
SH00716	SH00716	GS1-049
SH00717	SH00717	GS1-050
SH00718	SH00718	GS1-051
SH00719	SH00719	GS1-052
SH00720	SH00720	GS1-053
SH00721	SH00721	GS1-054
SH00722	SH00722	GS1-055
SH00723	SH00723	GS1-056
SH00724	SH00724	GS1-057-2
SH00725	SH00725	GS1-058
SH00726	SH00726	GS1-059
SH00727	SH00727	GS1-060
SH00728	SH00728	GS1-061
SH00729	SH00729	GS1-007
SH00730	SH00730	GS1-063
SH00731	SH00731	GS1-064
SH00732	SH00732	GS1-065
SH00734	SH00734	GS1-062
SH00735	SH00735	GS1-068
SH00738	SH00738	GS1-071
SH00739	SH00739	GS1-072
SH00740	SH00740	GS1-073
SH00741	SH00741	GS1-074
SH00742	SH00742	GS1-075
SH00743	SH00743	GS1-076
SH00744	SH00744	GS1-079-2
SH00745	SH00745	GS1-081
SH00746	SH00746	GS1-082
SH00747	SH00747	GS1-085
SH00748	SH00748	GS1-003
SH00749	SH00749	GS2-001
SH00750	SH00750	GS2-002
SH00751	SH00751	GS2-003
SH00755	SH00755	GS2-008
SH00756	SH00756	GS2-009
SH00757	SH00757	GS2-010
SH00758	SH00758	GS2-011
SH00759	SH00759	GS2-012
SH00762	SH00762	GS2-015-3
SH00763	SH00763	GS2-016-3
SH00764	SH00764	GS2-017
SH00765	SH00765	GS2-018-2
SH00766	SH00766	GS2-019
SH00767	SH00767	GS2-020
SH00768	SH00768	GS2-009
SH00769	SH00769	GS2-022
SH00770	SH00770	GS2-021
SH00771	SH00771	GS2-025
SH00772	SH00772	GS2-026
SH00774	SH00774	GS2-028
SH00775	SH00775	GS2-029
SH00776	SH00776	GS2-030
SH00777	SH00777	GS2-031
SH00778	SH00778	GS2-032
SH00779	SH00779	GS1-001
SH00822	SH00822	GS2-007
SH00828	SH00828	GS2-014
SH01028	SH01028	GS1-001
SH01032	SH01032	GS1-001
SH01033	SH01033	GS1-001
SH01034	SH01034	GS1-001
SH01035	SH01035	GS1-001
SH01036	SH01036	GS1-001
SH01039	SH01039	GS1-001
SH01040	SH01040	GS1-001
SH01041	SH01041	GS1-001
SH01042	SH01042	GS1-001
SH01044	SH01044	GS1-001
SH01045	SH01045	GS1-001
SH01046	SH01046	GS1-001
SH01047	SH01047	GS1-001
SH01048	SH01048	GS1-001
SH01049	SH01049	GS1-001
SH01050	SH01050	GS1-001
SH01052	SH01052	GS1-001
SH01053	SH01053	GS1-001
SH01054	SH01054	GS1-001
SH01056	SH01056	GS2-001
SH01057	SH01057	GS1-001
SH01058	SH01058	GS1-001
SH01059	SH01059	GS1-001
SH01060	SH01060	GS1-001
SH01061	SH01061	GS1-001
SH01062	SH01062	GS1-001
SH01063	SH01063	GS1-001
SH01064	SH01064	GS1-001
SH01065	SH01065	GS1-001
SH01067	SH01067	GS1-001
SH01069	SH01069	GS1-001
SH01070	SH01070	GS1-001
SH01073	SH01073	GS1-001
SH01075	SH01075	GS1-001
SH01077	SH01077	GS1-001
SH01078	SH01078	GS1-001
SH01079	SH01079	GS1-001
SH01080	SH01080	GS1-001
SH01082	SH01082	GS1-001
SH01083	SH01083	GS1-001
SH01084	SH01084	GS1-001
SH01085	SH01085	GS1-001
SH01086	SH01086	GS1-001
SH01087	SH01087	GS1-001
SH01088	SH01088	GS1-001
SH01089	SH01089	GS1-001
SH01090	SH01090	GS1-001
SH01091	SH01091	GS1-001
SH01092	SH01092	GS1-001
SH01093	SH01093	GS1-001
SH01095	SH01095	GS1-001
SH01096	SH01096	GS1-001
SH01097	SH01097	GS1-001
SH01098	SH01098	GS1-001
SH01099	SH01099	GS1-001
SH01100	SH01100	GS1-001
SH01101	SH01101	GS1-001
SH01102	SH01102	GS1-001
SH01103	SH01103	GS1-001
SH01104	SH01104	GS1-001
SH01105	SH01105	GS1-001
SH01106	SH01106	GS1-001
SH01108	SH01108	GS1-001
SH01109	SH01109	GS1-001
SH01110	SH01110	GS1-001
SH01111	SH01111	GS1-001
SH01112	SH01112	GS1-001
SH01113	SH01113	GS1-001
SH01115	SH01115	GS1-001
SH01116	SH01116	GS1-001
SH01117	SH01117	GS1-001
SH01118	SH01118	GS1-001
SH01120	SH01120	GS1-001
SH01121	SH01121	GS1-001
SH01122	SH01122	GS1-001
SH01123	SH01123	GS1-001
SH01124	SH01124	GS1-001
SH01125	SH01125	GS1-001
SH01126	SH01126	GS1-001
SH01127	SH01127	GS1-001
SH01128	SH01128	GS1-001
SH01129	SH01129	GS1-001
SH01130	SH01130	GS1-001
SH01131	SH01131	GS1-001
SH01132	SH01132	GS1-001
SH01133	SH01133	GS1-001
SH01134	SH01134	GS1-001
SH01136	SH01136	GS1-001
SH01137	SH01137	GS1-001
SH01138	SH01138	GS1-001
SH01139	SH01139	GS1-001
SH01140	SH01140	GS1-001
SH01141	SH01141	GS1-001
SH01142	SH01142	GS1-001
SH01143	SH01143	GS1-001
SH01145	SH01145	GS1-001
SH01146	SH01146	GS1-001
SH01148	SH01148	GS1-001
SH01149	SH01149	GS1-001
SH01151	SH01151	GS1-001
SH01152	SH01152	GS1-001
SH01153	SH01153	GS1-001
SH01154	SH01154	GS1-001
SH01155	SH01155	GS1-001
SH01157	SH01157	GS1-001
SH01158	SH01158	GS1-001
SH01159	SH01159	GS1-001
SH01160	SH01160	GS1-001
SH01162	SH01162	GS1-001
SH01163	SH01163	GS1-001
SH01164	SH01164	GS1-001
SH01165	SH01165	GS1-001
SH01166	SH01166	GS1-001
SH01167	SH01167	GS1-001
SH01168	SH01168	GS1-001
SH01169	SH01169	GS1-001
SH01170	SH01170	GS1-001
SH01171	SH01171	GS1-001
SH01172	SH01172	GS1-001
SH01173	SH01173	GS1-001
SH01174	SH01174	GS1-001
SH01175	SH01175	GS1-001
SH01176	SH01176	GS1-001
SH01178	SH01178	GS1-001
SH01179	SH01179	GS1-001
SH01180	SH01180	GS1-001
SH01181	SH01181	GS1-001
SH01182	SH01182	GS1-001
SH01183	SH01183	GS1-001
SH01184	SH01184	GS1-001
SH01185	SH01185	GS1-001
SH01186	SH01186	GS1-001
SH01187	SH01187	GS1-001
SH01189	SH01189	GS1-001
SH01190	SH01190	GS1-001
SH01191	SH01191	GS1-001
SH01192	SH01192	GS1-001
SH01193	SH01193	GS1-001
SH01194	SH01194	GS1-001
SH01195	SH01195	GS1-001
SH01196	SH01196	GS1-001
SH01197	SH01197	GS1-001
SH01198	SH01198	GS1-001
SH01199	SH01199	GS1-001
SH01200	SH01200	GS1-001
SH01201	SH01201	GS1-001
SH01202	SH01202	GS1-001
SH01203	SH01203	GS1-001
SH01204	SH01204	GS1-001
SH01205	SH01205	GS1-001
SH01206	SH01206	GS1-001
SH01208	SH01208	GS1-001
SH01209	SH01209	GS1-001
SH01210	SH01210	GS1-001
SH01211	SH01211	GS1-001
SH01212	SH01212	GS1-001
SH01213	SH01213	GS1-002
SH01217	SH01217	GS1-002
SH01219	SH01219	GS1-002
SH01222	SH01222	GS1-002
SH01223	SH01223	GS1-002
SH01224	SH01224	GS1-002
SH01225	SH01225	GS1-002
SH01226	SH01226	GS1-002
SH01227	SH01227	GS1-002
SH01228	SH01228	GS1-022
SH01229	SH01229	GS1-002
SH01230	SH01230	GS1-002
SH01231	SH01231	GS1-002
SH01232	SH01232	GS1-002
SH01233	SH01233	GS1-002
SH01234	SH01234	GS1-002
SH01235	SH01235	GS1-002
SH01236	SH01236	GS1-002
SH01237	SH01237	GS1-002
SH01238	SH01238	GS1-002
SH01239	SH01239	GS1-002
SH01240	SH01240	GS1-002
SH01241	SH01241	GS1-002
SH01242	SH01242	GS1-002
SH01243	SH01243	GS1-002
SH01244	SH01244	GS1-002
SH01245	SH01245	GS1-002
SH01246	SH01246	GS1-002
SH01247	SH01247	GS1-002
SH01248	SH01248	GS1-002
SH01249	SH01249	GS1-002
SH01250	SH01250	GS1-002
SH01251	SH01251	GS1-002
SH01252	SH01252	GS1-002
SH01253	SH01253	GS1-002
SH01254	SH01254	GS1-002
SH01255	SH01255	GS1-002
SH01257	SH01257	GS1-002
SH01258	SH01258	GS1-002
SH01259	SH01259	GS1-002
SH01262	SH01262	GS1-002
SH01264	SH01264	GS1-002
SH01265	SH01265	GS1-002
SH01266	SH01266	GS1-002
SH01267	SH01267	GS1-002
SH01268	SH01268	GS1-002
SH01269	SH01269	GS1-002
SH01270	SH01270	GS1-002
SH01272	SH01272	GS1-002
SH01273	SH01273	GS1-002
SH01274	SH01274	GS1-002
SH01275	SH01275	GS1-002
SH01276	SH01276	GS1-002
SH01277	SH01277	GS1-002
SH01278	SH01278	GS1-002
SH01279	SH01279	GS1-002
SH01280	SH01280	GS1-002
SH01281	SH01281	GS1-002
SH01282	SH01282	GS1-002
SH01283	SH01283	GS1-002
SH01284	SH01284	GS1-002
SH01285	SH01285	GS1-002
SH01286	SH01286	GS1-002
SH01288	SH01288	GS1-002
SH01289	SH01289	GS1-002
SH01290	SH01290	GS1-002
SH01291	SH01291	GS1-002
SH01292	SH01292	GS1-002
SH01293	SH01293	GS1-002
SH01294	SH01294	GS1-002
SH01295	SH01295	GS1-002
SH01296	SH01296	GS1-002
SH01297	SH01297	GS1-002
SH01298	SH01298	GS1-002
SH01299	SH01299	GS1-002
SH01300	SH01300	GS1-002
SH01301	SH01301	GS1-002
SH01302	SH01302	GS1-002
SH01303	SH01303	GS1-002
SH01304	SH01304	GS1-002
SH01305	SH01305	GS1-002
SH01306	SH01306	GS1-002
SH01307	SH01307	GS1-002
SH01308	SH01308	GS1-002
SH01309	SH01309	GS1-002
SH01311	SH01311	GS1-002
SH01312	SH01312	GS1-002
SH01313	SH01313	GS1-002
SH01315	SH01315	GS1-002
SH01316	SH01316	GS1-002
SH01317	SH01317	GS1-002
SH01318	SH01318	GS1-074
SH01319	SH01319	GS1-002
SH01320	SH01320	GS1-002
SH01321	SH01321	GS1-002
SH01322	SH01322	GS1-002
SH01323	SH01323	GS1-002
SH01324	SH01324	GS1-002
SH01325	SH01325	GS1-002
SH01326	SH01326	GS1-002
SH01327	SH01327	GS1-002
SH01328	SH01328	GS1-002
SH01329	SH01329	GS1-002
SH01331	SH01331	GS1-002
SH01332	SH01332	GS1-002
SH01333	SH01333	GS1-002
SH01334	SH01334	GS1-002
SH01335	SH01335	GS1-002
SH01336	SH01336	GS1-002
SH01337	SH01337	GS1-002
SH01338	SH01338	GS1-002
SH01339	SH01339	GS1-002
SH01340	SH01340	GS1-002
SH01341	SH01341	GS1-002
SH01342	SH01342	GS1-002
SH01343	SH01343	GS1-002
SH01344	SH01344	GS1-002
SH01345	SH01345	GS1-002
SH01346	SH01346	GS1-002
SH01347	SH01347	GS1-002
SH01348	SH01348	GS1-002
SH01349	SH01349	GS1-002
SH01350	SH01350	GS1-002
SH01351	SH01351	GS1-002
SH01357	SH01357	GS1-003
SH01358	SH01358	GS1-003
SH01360	SH01360	GS1-003
SH01362	SH01362	GS1-003
SH01363	SH01363	GS1-003
SH01365	SH01365	GS1-003
SH01366	SH01366	GS1-003
SH01367	SH01367	GS1-003
SH01368	SH01368	GS1-003
SH01369	SH01369	GS1-003
SH01370	SH01370	GS1-003
SH01372	SH01372	GS1-003
SH01373	SH01373	GS1-003
SH01374	SH01374	GS1-003
SH01375	SH01375	GS1-003
SH01376	SH01376	GS1-003
SH01377	SH01377	GS1-003
SH01378	SH01378	GS1-003
SH01379	SH01379	GS1-003
SH01380	SH01380	GS1-003
SH01381	SH01381	GS1-003
SH01382	SH01382	GS1-003
SH01383	SH01383	GS1-003
SH01384	SH01384	GS1-003
SH01385	SH01385	GS1-003
SH01387	SH01387	GS1-003
SH01388	SH01388	GS1-003
SH01389	SH01389	GS1-003
SH01390	SH01390	GS1-003
SH01391	SH01391	GS1-003
SH01392	SH01392	GS1-003
SH01393	SH01393	GS1-003
SH01394	SH01394	GS1-003
SH01395	SH01395	GS1-003
SH01398	SH01398	GS1-003
SH01399	SH01399	GS1-003
SH01402	SH01402	GS1-003
SH01404	SH01404	GS1-003
SH01405	SH01405	GS1-003
SH01406	SH01406	GS1-003
SH01407	SH01407	GS1-003
SH01409	SH01409	GS1-003
SH01410	SH01410	GS1-003
SH01413	SH01413	GS1-003
SH01414	SH01414	GS1-003
SH01415	SH01415	GS1-003
SH01417	SH01417	GS1-003
SH01418	SH01418	GS1-003
SH01420	SH01420	GS1-003
SH01421	SH01421	GS1-003
SH01422	SH01422	GS1-003
SH01426	SH01426	GS1-003
SH01427	SH01427	GS1-003
SH01429	SH01429	GS1-003
SH01430	SH01430	GS1-003
SH01431	SH01431	GS1-003
SH01432	SH01432	GS1-003
SH01433	SH01433	GS1-003
SH01434	SH01434	GS1-003
SH01435	SH01435	GS1-003
SH01438	SH01438	GS1-003
SH01439	SH01439	GS1-003
SH01440	SH01440	GS1-003
SH01443	SH01443	GS1-003
SH01444	SH01444	GS1-003
SH01446	SH01446	GS1-003
SH01447	SH01447	GS1-003
SH01448	SH01448	GS1-003
SH01451	SH01451	GS1-003
SH01455	SH01455	GS1-003
SH01456	SH01456	GS1-003
SH01458	SH01458	GS1-003
SH01459	SH01459	GS1-003
SH01460	SH01460	GS1-003
SH01461	SH01461	GS1-003
SH01462	SH01462	GS1-003
SH01463	SH01463	GS1-003
SH01464	SH01464	GS1-003
SH01465	SH01465	GS1-003
SH01466	SH01466	GS1-003
SH01467	SH01467	GS1-003
SH01470	SH01470	GS1-003
SH01471	SH01471	GS1-003
SH01472	SH01472	GS1-003
SH01474	SH01474	GS1-003
SH01475	SH01475	GS1-003
SH01477	SH01477	GS1-003
SH01478	SH01478	GS1-003
SH01481	SH01481	GS1-003
SH01482	SH01482	GS1-004
SH01483	SH01483	GS1-003
SH01484	SH01484	GS1-012
SH01485	SH01485	GS1-003
SH01487	SH01487	GS1-003
SH01488	SH01488	GS1-003
SH01489	SH01489	GS1-003
SH01490	SH01490	GS1-003
SH01491	SH01491	GS1-003
SH01493	SH01493	GS1-004
SH01495	SH01495	GS2-007
SH01497	SH01497	GS1-004
SH01498	SH01498	GS1-004
SH01499	SH01499	GS1-004
SH01500	SH01500	GS1-004
SH01502	SH01502	GS1-004
SH01503	SH01503	GS1-004
SH01504	SH01504	GS1-003
SH01505	SH01505	GS1-004
SH01506	SH01506	GS1-004
SH01507	SH01507	GS1-004
SH01509	SH01509	GS1-004
SH01510	SH01510	GS1-004
SH01511	SH01511	GS1-004
SH01512	SH01512	GS1-004
SH01513	SH01513	GS1-004
SH01514	SH01514	GS1-004
SH01515	SH01515	GS1-004
SH01516	SH01516	GS1-004
SH01517	SH01517	GS1-002
SH01518	SH01518	GS1-004
SH01519	SH01519	GS1-004
SH01520	SH01520	GS1-004
SH01521	SH01521	GS1-004
SH01522	SH01522	GS1-004
SH01523	SH01523	GS1-004
SH01524	SH01524	GS1-004
SH01526	SH01526	GS1-004
SH01527	SH01527	GS1-004
SH01528	SH01528	GS1-004
SH01529	SH01529	GS1-004
SH01530	SH01530	GS1-004
SH01532	SH01532	GS1-004
SH01533	SH01533	GS1-004
SH01534	SH01534	GS1-004
SH01536	SH01536	GS1-004
SH01537	SH01537	GS1-004
SH01538	SH01538	GS1-004
SH01542	SH01542	GS1-004
SH01543	SH01543	GS1-004
SH01544	SH01544	GS1-004
SH01545	SH01545	GS1-004
SH01546	SH01546	GS1-004
SH01550	SH01550	GS1-004
SH01551	SH01551	GS1-004
SH01552	SH01552	GS1-004
SH01553	SH01553	GS1-004
SH01554	SH01554	GS1-004
SH01555	SH01555	GS1-004
SH01556	SH01556	GS1-004
SH01557	SH01557	GS1-004
SH01558	SH01558	GS1-004
SH01559	SH01559	GS1-004
SH01560	SH01560	GS1-004
SH01561	SH01561	GS1-004
SH01563	SH01563	GS1-004
SH01565	SH01565	GS1-004
SH01566	SH01566	GS1-004
SH01567	SH01567	GS1-004
SH01568	SH01568	GS1-004
SH01569	SH01569	GS1-004
SH01570	SH01570	GS1-004
SH01574	SH01574	GS1-004
SH01575	SH01575	GS1-004
SH01576	SH01576	GS1-004
SH01577	SH01577	GS1-004
SH01578	SH01578	GS1-004
SH01579	SH01579	GS1-004
SH01581	SH01581	GS1-004
SH01582	SH01582	GS1-004
SH01583	SH01583	GS1-004
SH01584	SH01584	GS1-004
SH01585	SH01585	GS1-004
SH01586	SH01586	GS1-004
SH01587	SH01587	GS1-004
SH01589	SH01589	GS1-004
SH01591	SH01591	GS1-004
SH01592	SH01592	GS1-004
SH01594	SH01594	GS1-004
SH01595	SH01595	GS1-004
SH01596	SH01596	GS1-004
SH01597	SH01597	GS1-004
SH01598	SH01598	GS1-004
SH01600	SH01600	GS1-004
SH01601	SH01601	GS1-004
SH01602	SH01602	GS1-004
SH01603	SH01603	GS1-004
SH01604	SH01604	GS1-004
SH01605	SH01605	GS1-004
SH01606	SH01606	GS1-004
SH01608	SH01608	GS1-004
SH01609	SH01609	GS1-004
SH01610	SH01610	GS1-004
SH01611	SH01611	GS1-004
SH01612	SH01612	GS1-004
SH01613	SH01613	GS1-004
SH01614	SH01614	GS1-004
SH01615	SH01615	GS1-004
SH01617	SH01617	GS1-004
SH01618	SH01618	GS1-004
SH01619	SH01619	GS1-004
SH01620	SH01620	GS1-004
SH01621	SH01621	GS1-004
SH01622	SH01622	GS1-004
SH01623	SH01623	GS1-004
SH01624	SH01624	GS1-004
SH01627	SH01627	GS1-004
SH01628	SH01628	GS1-004
SH01630	SH01630	GS1-005
SH01634	SH01634	GS1-005
SH01635	SH01635	GS1-005
SH01636	SH01636	GS1-005
SH01637	SH01637	GS1-005
SH01639	SH01639	GS1-005
SH01640	SH01640	GS1-005
SH01641	SH01641	GS2-021
SH01642	SH01642	GS1-005
SH01643	SH01643	GS1-005
SH01644	SH01644	GS1-070
SH01645	SH01645	GS1-005
SH01646	SH01646	GS1-005
SH01647	SH01647	GS1-005
SH01648	SH01648	GS1-005
SH01649	SH01649	GS1-005
SH01653	SH01653	GS1-005
SH01654	SH01654	GS1-005
SH01657	SH01657	GS1-005
SH01658	SH01658	GS1-005
SH01660	SH01660	GS1-005
SH01661	SH01661	GS1-005
SH01662	SH01662	GS1-005
SH01664	SH01664	GS1-005
SH01665	SH01665	GS1-005
SH01667	SH01667	GS1-005
SH01668	SH01668	GS1-005
SH01669	SH01669	GS1-005
SH01670	SH01670	GS1-005
SH01671	SH01671	GS1-005
SH01673	SH01673	GS1-005
SH01675	SH01675	GS1-005
SH01678	SH01678	GS1-005
SH01680	SH01680	GS1-005
SH01681	SH01681	GS1-005
SH01682	SH01682	GS1-005
SH01683	SH01683	GS1-005
SH01684	SH01684	GS1-005
SH01687	SH01687	GS1-005
SH01688	SH01688	GS1-005
SH01689	SH01689	GS1-005
SH01690	SH01690	GS1-005
SH01692	SH01692	GS1-005
SH01693	SH01693	GS1-005
SH01695	SH01695	GS1-005
SH01696	SH01696	GS1-005
SH01697	SH01697	GS1-005
SH01700	SH01700	GS1-005
SH01702	SH01702	GS1-005
SH01703	SH01703	GS1-005
SH01705	SH01705	GS1-005
SH01706	SH01706	GS1-005
SH01707	SH01707	GS1-005
SH01710	SH01710	GS1-005
SH01711	SH01711	GS1-005
SH01713	SH01713	GS1-005
SH01714	SH01714	GS1-005
SH01715	SH01715	GS1-005
SH01716	SH01716	GS1-005
SH01718	SH01718	GS1-005
SH01719	SH01719	GS1-005
SH01720	SH01720	GS1-005
SH01722	SH01722	GS1-005
SH01723	SH01723	GS1-005
SH01726	SH01726	GS1-005
SH01728	SH01728	GS1-005
SH01729	SH01729	GS1-005
SH01731	SH01731	GS1-005
SH01732	SH01732	GS1-005
SH01733	SH01733	GS1-005
SH01734	SH01734	GS1-005
SH01735	SH01735	GS1-004
SH01736	SH01736	GS1-005
SH01737	SH01737	GS1-005
SH01738	SH01738	GS1-005
SH01739	SH01739	GS1-004
SH01740	SH01740	GS1-004
SH01741	SH01741	GS1-004
SH01742	SH01742	GS1-004
SH01743	SH01743	GS1-004
SH01744	SH01744	GS1-005
SH01745	SH01745	GS1-005
SH01747	SH01747	GS1-005
SH01748	SH01748	GS1-005
SH01749	SH01749	GS1-005
SH01750	SH01750	GS1-005
SH01751	SH01751	GS1-004
SH01752	SH01752	GS1-005
SH01753	SH01753	GS1-005
SH01754	SH01754	GS1-005
SH01755	SH01755	GS1-005
SH01756	SH01756	GS1-005
SH01757	SH01757	GS1-005
SH01758	SH01758	GS1-005
SH01759	SH01759	GS1-005
SH01761	SH01761	GS1-004
SH01762	SH01762	GS1-004
SH01763	SH01763	GS1-005
SH01764	SH01764	GS1-005
SH01765	SH01765	GS1-005
SH01766	SH01766	GS1-005
SH01767	SH01767	GS1-006
SH01770	SH01770	GS1-006
SH01772	SH01772	GS1-006
SH01773	SH01773	GS1-006
SH01775	SH01775	GS1-006
SH01776	SH01776	GS1-006
SH01777	SH01777	GS1-006
SH01778	SH01778	GS1-006
SH01779	SH01779	GS1-006
SH01780	SH01780	GS1-006
SH01781	SH01781	GS1-006
SH01782	SH01782	GS1-006
SH01785	SH01785	GS1-006
SH01786	SH01786	GS1-006
SH01787	SH01787	GS1-006
SH01788	SH01788	GS1-006
SH01789	SH01789	GS1-006
SH01790	SH01790	GS1-006
SH01791	SH01791	GS1-006
SH01792	SH01792	GS1-006
SH01793	SH01793	GS1-006
SH01794	SH01794	GS1-006
SH01795	SH01795	GS1-006
SH01796	SH01796	GS1-006
SH01797	SH01797	GS1-006
SH01798	SH01798	GS1-006
SH01799	SH01799	GS1-006
SH01800	SH01800	GS1-006
SH01802	SH01802	GS1-006
SH01803	SH01803	GS1-006
SH01804	SH01804	GS1-006
SH01805	SH01805	GS1-006
SH01806	SH01806	GS1-006
SH01807	SH01807	GS1-006
SH01809	SH01809	GS1-006
SH01812	SH01812	GS1-006
SH01813	SH01813	GS1-006
SH01818	SH01818	GS1-006
SH01819	SH01819	GS1-006
SH01820	SH01820	GS1-006
SH01821	SH01821	GS1-073
SH01826	SH01826	GS1-006
SH01827	SH01827	GS1-006
SH01828	SH01828	GS1-006
SH01829	SH01829	GS1-006
SH01830	SH01830	GS1-006
SH01831	SH01831	GS1-006
SH01832	SH01832	GS1-006
SH01833	SH01833	GS1-006
SH01834	SH01834	GS1-006
SH01835	SH01835	GS1-006
SH01836	SH01836	GS1-006
SH01837	SH01837	GS1-006
SH01838	SH01838	GS1-006
SH01840	SH01840	GS1-006
SH01842	SH01842	GS1-006
SH01843	SH01843	GS1-006
SH01844	SH01844	GS1-006
SH01845	SH01845	GS1-006
SH01846	SH01846	GS1-006
SH01848	SH01848	GS1-006
SH01849	SH01849	GS1-006
SH01850	SH01850	GS1-006
SH01851	SH01851	GS1-006
SH01852	SH01852	GS1-006
SH01853	SH01853	GS1-006
SH01854	SH01854	GS1-006
SH01855	SH01855	GS1-006
SH01856	SH01856	GS1-006
SH01857	SH01857	GS1-006
SH01858	SH01858	GS1-006
SH01859	SH01859	GS1-006
SH01860	SH01860	GS1-006
SH01861	SH01861	GS1-006
SH01862	SH01862	GS1-006
SH01864	SH01864	GS1-006
SH01866	SH01866	GS1-006
SH01867	SH01867	GS1-006
SH01868	SH01868	GS1-006
SH01869	SH01869	GS1-006
SH01870	SH01870	GS1-006
SH01871	SH01871	GS1-006
SH01872	SH01872	GS1-006
SH01873	SH01873	GS1-006
SH01875	SH01875	GS1-006
SH01876	SH01876	GS1-006
SH01877	SH01877	GS1-006
SH01878	SH01878	GS1-006
SH01879	SH01879	GS1-006
SH01881	SH01881	GS1-006
SH01882	SH01882	GS1-006
SH01883	SH01883	GS1-006
SH01886	SH01886	GS1-006
SH01887	SH01887	GS1-006
SH01888	SH01888	GS1-006
SH01889	SH01889	GS1-006
SH01890	SH01890	GS1-006
SH01891	SH01891	GS1-006
SH01892	SH01892	GS1-006
SH01893	SH01893	GS1-006
SH01894	SH01894	GS1-006
SH01896	SH01896	GS1-006
SH01897	SH01897	GS1-006
SH01898	SH01898	GS1-006
SH01900	SH01900	GS1-067
SH01904	SH01904	GS1-007
SH01906	SH01906	GS1-007
SH01907	SH01907	GS1-007
SH01909	SH01909	GS1-007
SH01911	SH01911	GS1-007
SH01912	SH01912	GS1-007
SH01915	SH01915	GS1-007
SH01916	SH01916	GS1-007
SH01917	SH01917	GS1-007
SH01918	SH01918	GS1-007
SH01919	SH01919	GS1-007
SH01920	SH01920	GS1-007
SH01921	SH01921	GS1-007
SH01922	SH01922	GS1-007
SH01923	SH01923	GS1-007
SH01924	SH01924	GS1-007
SH01925	SH01925	GS1-007
SH01928	SH01928	GS1-007
SH01929	SH01929	GS1-007
SH01931	SH01931	GS1-007
SH01932	SH01932	GS1-007
SH01933	SH01933	GS1-007
SH01934	SH01934	GS1-007
SH01935	SH01935	GS1-007
SH01936	SH01936	GS1-007
SH01937	SH01937	GS1-007
SH01938	SH01938	GS1-007
SH01939	SH01939	GS1-007
SH01940	SH01940	GS1-007
SH01942	SH01942	GS1-007
SH01943	SH01943	GS1-007
SH01945	SH01945	GS1-007
SH01947	SH01947	GS1-007
SH01952	SH01952	GS1-007
SH01953	SH01953	GS1-007
SH01955	SH01955	GS1-007
SH01956	SH01956	GS1-007
SH01957	SH01957	GS1-007
SH01959	SH01959	GS1-007
SH01961	SH01961	GS1-007
SH01962	SH01962	GS1-007
SH01963	SH01963	GS1-007
SH01964	SH01964	GS1-007
SH01965	SH01965	GS1-007
SH01966	SH01966	GS1-007
SH01967	SH01967	GS1-007
SH01969	SH01969	GS1-007
SH01970	SH01970	GS1-007
SH01971	SH01971	GS1-007
SH01973	SH01973	GS1-007
SH01975	SH01975	GS1-007
SH01976	SH01976	GS1-007
SH01977	SH01977	GS1-007
SH01978	SH01978	GS1-007
SH01979	SH01979	GS1-007
SH01980	SH01980	GS1-007
SH01981	SH01981	GS1-007
SH01983	SH01983	GS1-007
SH01984	SH01984	GS1-007
SH01985	SH01985	GS1-007
SH01986	SH01986	GS1-007
SH01987	SH01987	GS1-007
SH01988	SH01988	GS1-007
SH01990	SH01990	GS1-007
SH01991	SH01991	GS1-007
SH01992	SH01992	GS1-007
SH01994	SH01994	GS1-007
SH01995	SH01995	GS1-007
SH01997	SH01997	GS1-007
SH01998	SH01998	GS1-007
SH01999	SH01999	GS1-007
SH02000	SH02000	GS1-007
SH02002	SH02002	GS1-007
SH02003	SH02003	GS1-007
SH02005	SH02005	GS1-007
SH02006	SH02006	GS1-007
SH02007	SH02007	GS1-007
SH02009	SH02009	GS1-007
SH02010	SH02010	GS1-007
SH02011	SH02011	GS1-007
SH02012	SH02012	GS1-007
SH02014	SH02014	GS1-007
SH02015	SH02015	GS1-007
SH02016	SH02016	GS1-007
SH02018	SH02018	GS1-007
SH02019	SH02019	GS1-007
SH02020	SH02020	GS1-007
SH02021	SH02021	GS1-007
SH02022	SH02022	GS1-007
SH02023	SH02023	GS1-007
SH02024	SH02024	GS1-007
SH02025	SH02025	GS1-007
SH02026	SH02026	GS1-007
SH02027	SH02027	GS1-007
SH02028	SH02028	GS1-007
SH02029	SH02029	GS1-007
SH02030	SH02030	GS1-007
SH02031	SH02031	GS1-007
SH02032	SH02032	GS1-007
SH02033	SH02033	GS1-007
SH02034	SH02034	GS1-007
SH02035	SH02035	GS1-007
SH02037	SH02037	GS1-007
SH02038	SH02038	GS1-007
SH02039	SH02039	GS1-007
SH02383	SH02383	GS1-010
SH02384	SH02384	GS1-010
SH02385	SH02385	GS1-010
SH02386	SH02386	GS1-010
SH02387	SH02387	GS1-010
SH02388	SH02388	GS1-010
SH02389	SH02389	GS1-010
SH02390	SH02390	GS1-010
SH02392	SH02392	GS1-010
SH02393	SH02393	GS1-010
SH02394	SH02394	GS1-010
SH02395	SH02395	GS1-010
SH02396	SH02396	GS1-010
SH02397	SH02397	GS1-010
SH02398	SH02398	GS1-010
SH02399	SH02399	GS1-010
SH02401	SH02401	GS1-010
SH02402	SH02402	GS1-010
SH02403	SH02403	GS1-010
SH02404	SH02404	GS1-010
SH02405	SH02405	GS1-010
SH02406	SH02406	GS1-010
SH02408	SH02408	GS1-010
SH02409	SH02409	GS1-010
SH02410	SH02410	GS1-010
SH02411	SH02411	GS1-010
SH02412	SH02412	GS1-010
SH02413	SH02413	GS1-010
SH02415	SH02415	GS1-010
SH02416	SH02416	GS1-010
SH02417	SH02417	GS1-010
SH02419	SH02419	GS1-010
SH02420	SH02420	GS1-010
SH02421	SH02421	GS1-010
SH02422	SH02422	GS1-010
SH02423	SH02423	GS1-010
SH02424	SH02424	GS2-010
SH02425	SH02425	GS1-010
SH02426	SH02426	GS1-010
SH02427	SH02427	GS1-010
SH02428	SH02428	GS1-010
SH02429	SH02429	GS1-010
SH02430	SH02430	GS1-010
SH02431	SH02431	GS1-010
SH02433	SH02433	GS1-011
SH02439	SH02439	GS1-011
SH02440	SH02440	GS1-011
SH02442	SH02442	GS1-011
SH02443	SH02443	GS1-011
SH02444	SH02444	GS1-011
SH02445	SH02445	GS1-011
SH02446	SH02446	GS1-011
SH02447	SH02447	GS1-011
SH02448	SH02448	GS1-011
SH02449	SH02449	GS1-011
SH02450	SH02450	GS1-011
SH02451	SH02451	GS1-011
SH02452	SH02452	GS1-011
SH02453	SH02453	GS1-011
SH02454	SH02454	GS1-011
SH02455	SH02455	GS1-011
SH02456	SH02456	GS1-011
SH02457	SH02457	GS1-011
SH02458	SH02458	GS1-011
SH02459	SH02459	GS1-011
SH02460	SH02460	GS1-011
SH02461	SH02461	GS1-011
SH02462	SH02462	GS1-011
SH02463	SH02463	GS1-033
SH02464	SH02464	GS1-011
SH02465	SH02465	GS1-011
SH02466	SH02466	GS1-011
SH02467	SH02467	GS1-011
SH02468	SH02468	GS1-011
SH02469	SH02469	GS1-011
SH02470	SH02470	GS1-011
SH02471	SH02471	GS1-011
SH02472	SH02472	GS1-011
SH02474	SH02474	GS1-011
SH02475	SH02475	GS1-011
SH02476	SH02476	GS1-011
SH02479	SH02479	GS1-011
SH02481	SH02481	GS1-011
SH02482	SH02482	GS1-011
SH02483	SH02483	GS1-011
SH02484	SH02484	GS1-011
SH02485	SH02485	GS1-011
SH02486	SH02486	GS1-011
SH02487	SH02487	GS1-011
SH02489	SH02489	GS1-011
SH02490	SH02490	GS1-011
SH02491	SH02491	GS1-011
SH02492	SH02492	GS1-011
SH02493	SH02493	GS1-011
SH02494	SH02494	GS1-011
SH02496	SH02496	GS1-011
SH02497	SH02497	GS1-011
SH02499	SH02499	GS1-011
SH02500	SH02500	GS1-011
SH02501	SH02501	GS1-011
SH02505	SH02505	GS1-011
SH02506	SH02506	GS1-011
SH02507	SH02507	GS1-011
SH02508	SH02508	GS1-011
SH02509	SH02509	GS1-011
SH02510	SH02510	GS1-011
SH02511	SH02511	GS1-011
SH02512	SH02512	GS1-011
SH02513	SH02513	GS1-011
SH02514	SH02514	GS1-011
SH02516	SH02516	GS1-011
SH02517	SH02517	GS1-011
SH02518	SH02518	GS1-011
SH02520	SH02520	GS1-011
SH02521	SH02521	GS1-011
SH02522	SH02522	GS1-011
SH02523	SH02523	GS1-011
SH02524	SH02524	GS1-011
SH02525	SH02525	GS1-011
SH02526	SH02526	GS1-011
SH02528	SH02528	GS1-011
SH02529	SH02529	GS1-011
SH02530	SH02530	GS1-011
SH02531	SH02531	GS1-011
SH02533	SH02533	GS1-011
SH02534	SH02534	GS1-011
SH02535	SH02535	GS1-011
SH02536	SH02536	GS1-011
SH02537	SH02537	GS1-011
SH02540	SH02540	GS1-011
SH02541	SH02541	GS1-011
SH02542	SH02542	GS1-011
SH02544	SH02544	GS1-011
SH02547	SH02547	GS1-011
SH02548	SH02548	GS1-011
SH02549	SH02549	GS1-011
SH02550	SH02550	GS1-011
SH02551	SH02551	GS1-011
SH02552	SH02552	GS1-011
SH02553	SH02553	GS1-011
SH02554	SH02554	GS1-011
SH02555	SH02555	GS1-011
SH02556	SH02556	GS1-011
SH02557	SH02557	GS1-011
SH02558	SH02558	GS1-011
SH02559	SH02559	GS1-011
SH02560	SH02560	GS1-011
SH02563	SH02563	GS1-011
SH02565	SH02565	GS1-011
SH02566	SH02566	GS2-011
SH02567	SH02567	GS1-011
SH02568	SH02568	GS1-011
SH02569	SH02569	GS1-011
SH02570	SH02570	GS1-011
SH02572	SH02572	GS1-012
SH02576	SH02576	GS1-012
SH02577	SH02577	GS1-012
SH02578	SH02578	GS1-012
SH02579	SH02579	GS1-012
SH02581	SH02581	GS1-012
SH02582	SH02582	GS1-012
SH02583	SH02583	GS1-011
SH02584	SH02584	GS1-012
SH02585	SH02585	GS1-012
SH02586	SH02586	GS1-012
SH02587	SH02587	GS1-012
SH02588	SH02588	GS1-012
SH02589	SH02589	GS1-012
SH02590	SH02590	GS1-012
SH02593	SH02593	GS1-012
SH02595	SH02595	GS1-012
SH02596	SH02596	GS1-012
SH02597	SH02597	GS1-012
SH02598	SH02598	GS1-012
SH02599	SH02599	GS1-012
SH02600	SH02600	GS1-012
SH02601	SH02601	GS1-012
SH02602	SH02602	GS1-012
SH02603	SH02603	GS1-012
SH02604	SH02604	GS1-012
SH02605	SH02605	GS1-012
SH02606	SH02606	GS1-012
SH02607	SH02607	GS1-012
SH02608	SH02608	GS1-012
SH02609	SH02609	GS1-012
SH02610	SH02610	GS1-012
SH02611	SH02611	GS1-012
SH02612	SH02612	GS1-012
SH02613	SH02613	GS1-012
SH02614	SH02614	GS1-012
SH02615	SH02615	GS1-012
SH02617	SH02617	GS1-012
SH02618	SH02618	GS1-012
SH02619	SH02619	GS1-012
SH02623	SH02623	GS1-012
SH02625	SH02625	GS1-012
SH02626	SH02626	GS1-012
SH02627	SH02627	GS1-012
SH02628	SH02628	GS1-012
SH02630	SH02630	GS1-012
SH02631	SH02631	GS1-012
SH02632	SH02632	GS1-012
SH02633	SH02633	GS1-012
SH02634	SH02634	GS1-012
SH02635	SH02635	GS1-029
SH02636	SH02636	GS1-012
SH02637	SH02637	GS1-012
SH02638	SH02638	GS1-012
SH02639	SH02639	GS1-012
SH02640	SH02640	GS1-012
SH02641	SH02641	GS1-012
SH02642	SH02642	GS1-012
SH02644	SH02644	GS1-012
SH02646	SH02646	GS1-012
SH02647	SH02647	GS1-012
SH02648	SH02648	GS1-012
SH02649	SH02649	GS1-012
SH02650	SH02650	GS1-012
SH02651	SH02651	GS1-012
SH02652	SH02652	GS1-012
SH02653	SH02653	GS1-012
SH02654	SH02654	GS1-012
SH02655	SH02655	GS1-012
SH02656	SH02656	GS1-012
SH02657	SH02657	GS1-012
SH02658	SH02658	GS1-012
SH02659	SH02659	GS1-012
SH02660	SH02660	GS1-012
SH02662	SH02662	GS1-012
SH02663	SH02663	GS1-012
SH02664	SH02664	GS1-012
SH02665	SH02665	GS1-012
SH02666	SH02666	GS1-012
SH02667	SH02667	GS1-012
SH02669	SH02669	GS1-012
SH02670	SH02670	GS1-012
SH02671	SH02671	GS1-012
SH02672	SH02672	GS1-012
SH02674	SH02674	GS1-012
SH02675	SH02675	GS1-012
SH02677	SH02677	GS1-012
SH02678	SH02678	GS1-012
SH02679	SH02679	GS1-012
SH02680	SH02680	GS1-012
SH02681	SH02681	GS1-012
SH02682	SH02682	GS1-012
SH02683	SH02683	GS1-012
SH02684	SH02684	GS1-012
SH02685	SH02685	GS1-012
SH02686	SH02686	GS1-012
SH02687	SH02687	GS1-012
SH02688	SH02688	GS1-012
SH02690	SH02690	GS1-012
SH02691	SH02691	GS1-012
SH02692	SH02692	GS1-012
SH02693	SH02693	GS1-012
SH02694	SH02694	GS1-012
SH02695	SH02695	GS1-012
SH02696	SH02696	GS1-012
SH02698	SH02698	GS1-012
SH02699	SH02699	GS1-012
SH02700	SH02700	GS1-012
SH02701	SH02701	GS1-012
SH02702	SH02702	GS1-012
SH02703	SH02703	GS1-012
SH02704	SH02704	GS1-012
SH02705	SH02705	GS1-012
SH02706	SH02706	GS1-012
SH02707	SH02707	GS2-012
SH02708	SH02708	GS1-012
SH02709	SH02709	GS1-012
SH02710	SH02710	GS1-012
SH02711	SH02711	GS1-012
SH02713	SH02713	GS1-013
SH02717	SH02717	GS1-013
SH02718	SH02718	GS1-013
SH02719	SH02719	GS1-013
SH02720	SH02720	GS1-013
SH02721	SH02721	GS1-013
SH02722	SH02722	GS1-013
SH02723	SH02723	GS1-013
SH02724	SH02724	GS1-013
SH02725	SH02725	GS1-013
SH02726	SH02726	GS1-013
SH02727	SH02727	GS1-013
SH02728	SH02728	GS1-013
SH02729	SH02729	GS1-013
SH02730	SH02730	GS1-013
SH02731	SH02731	GS1-013
SH02732	SH02732	GS1-013
SH02733	SH02733	GS1-013
SH02734	SH02734	GS1-013
SH02735	SH02735	GS1-013
SH02736	SH02736	GS1-013
SH02738	SH02738	GS1-013
SH02739	SH02739	GS1-013
SH02740	SH02740	GS1-013
SH02741	SH02741	GS1-013
SH02742	SH02742	GS1-013
SH02744	SH02744	GS1-013
SH02747	SH02747	GS1-013
SH02748	SH02748	GS1-013
SH02749	SH02749	GS1-013
SH02750	SH02750	GS1-013
SH02751	SH02751	GS1-013
SH02752	SH02752	GS2-013
SH02753	SH02753	GS2-013
SH02754	SH02754	GS1-013
SH02759	SH02759	GS1-013
SH02760	SH02760	GS1-013
SH02761	SH02761	GS1-013
SH02762	SH02762	GS1-013
SH02764	SH02764	GS1-013
SH02767	SH02767	GS1-013
SH02769	SH02769	GS1-013
SH02770	SH02770	GS1-013
SH02771	SH02771	GS2-013
SH02772	SH02772	GS1-013
SH02775	SH02775	GS1-013
SH02777	SH02777	GS1-013
SH02780	SH02780	GS1-013
SH02781	SH02781	GS1-013
SH02782	SH02782	GS1-013
SH02783	SH02783	GS1-013
SH02788	SH02788	GS1-013
SH02789	SH02789	GS1-013
SH02792	SH02792	GS1-013
SH02794	SH02794	GS1-013
SH02795	SH02795	GS1-013
SH02796	SH02796	GS1-013
SH02799	SH02799	GS1-013
SH02800	SH02800	GS1-013
SH02801	SH02801	GS1-013
SH02802	SH02802	GS1-013
SH02803	SH02803	GS1-013
SH02807	SH02807	GS1-013
SH02808	SH02808	GS1-013
SH02809	SH02809	GS1-013
SH02810	SH02810	GS1-013
SH02813	SH02813	GS1-013
SH02814	SH02814	GS1-013
SH02815	SH02815	GS1-013
SH02816	SH02816	GS1-013
SH02819	SH02819	GS1-013
SH02820	SH02820	GS1-013
SH02821	SH02821	GS1-013
SH02822	SH02822	GS1-013
SH02823	SH02823	GS1-013
SH02824	SH02824	GS1-013
SH02825	SH02825	GS1-013
SH02826	SH02826	GS1-013
SH02827	SH02827	GS1-013
SH02828	SH02828	GS1-013
SH02829	SH02829	GS1-013
SH02830	SH02830	GS1-013
SH02832	SH02832	GS1-013
SH02833	SH02833	GS1-013
SH02834	SH02834	GS1-013
SH02836	SH02836	GS1-013
SH02837	SH02837	GS1-013
SH02838	SH02838	GS1-019
SH02839	SH02839	GS1-014
SH02843	SH02843	GS1-014
SH02845	SH02845	GS1-013
SH02846	SH02846	GS1-014
SH02848	SH02848	GS1-014
SH02849	SH02849	GS1-014
SH02850	SH02850	GS1-014
SH02851	SH02851	GS1-014
SH02852	SH02852	GS1-014
SH02853	SH02853	GS1-014
SH02854	SH02854	GS1-014
SH02855	SH02855	GS1-014
SH02857	SH02857	GS1-014
SH02858	SH02858	GS1-014
SH02860	SH02860	GS1-014
SH02863	SH02863	GS1-014
SH02865	SH02865	GS1-014
SH02866	SH02866	GS1-014
SH02867	SH02867	GS1-014
SH02868	SH02868	GS1-014
SH02869	SH02869	GS1-014
SH02870	SH02870	GS1-014
SH02871	SH02871	GS1-014
SH02872	SH02872	GS1-014
SH02873	SH02873	GS1-014
SH02875	SH02875	GS1-014
SH02877	SH02877	GS1-014
SH02879	SH02879	GS1-014
SH02881	SH02881	GS1-014
SH02882	SH02882	GS1-014
SH02883	SH02883	GS1-014
SH02884	SH02884	GS1-014
SH02885	SH02885	GS1-014
SH02886	SH02886	GS1-014
SH02889	SH02889	GS1-014
SH02890	SH02890	GS1-014
SH02891	SH02891	GS1-014
SH02892	SH02892	GS1-014
SH02893	SH02893	GS1-014
SH02895	SH02895	GS1-014
SH02896	SH02896	GS1-014
SH02897	SH02897	GS1-014
SH02898	SH02898	GS1-014
SH02899	SH02899	GS1-014
SH02900	SH02900	GS1-014
SH02901	SH02901	GS1-014
SH02903	SH02903	GS1-014
SH02905	SH02905	GS1-014
SH02906	SH02906	GS1-014
SH02908	SH02908	GS1-014
SH02911	SH02911	GS1-014
SH02912	SH02912	GS1-014
SH02913	SH02913	GS1-014
SH02914	SH02914	GS1-014
SH02915	SH02915	GS1-014
SH02916	SH02916	GS1-014
SH02917	SH02917	GS1-014
SH02918	SH02918	GS1-014
SH02919	SH02919	GS1-014
SH02921	SH02921	GS1-014
SH02922	SH02922	GS1-014
SH02923	SH02923	GS1-014
SH02924	SH02924	GS1-014
SH02925	SH02925	GS1-014
SH02926	SH02926	GS1-014
SH02927	SH02927	GS1-014
SH02929	SH02929	GS1-014
SH02930	SH02930	GS1-014
SH02936	SH02936	GS1-014
SH02937	SH02937	GS1-014
SH02938	SH02938	GS1-014
SH02939	SH02939	GS1-014
SH02940	SH02940	GS1-014
SH02941	SH02941	GS1-014
SH02942	SH02942	GS1-014
SH02943	SH02943	GS1-014
SH02944	SH02944	GS1-014
SH02945	SH02945	GS1-014
SH02946	SH02946	GS1-014
SH02949	SH02949	GS1-014
SH02950	SH02950	GS1-014
SH02951	SH02951	GS1-014
SH02952	SH02952	GS1-014
SH02953	SH02953	GS1-014
SH02954	SH02954	GS1-014
SH02955	SH02955	GS1-014
SH02956	SH02956	GS1-014
SH02957	SH02957	GS1-014
SH02958	SH02958	GS1-014
SH02959	SH02959	GS1-014
SH02960	SH02960	GS1-014
SH02961	SH02961	GS1-014
SH02962	SH02962	GS1-014
SH02963	SH02963	GS1-014
SH02964	SH02964	GS1-014
SH02965	SH02965	GS1-014
SH02966	SH02966	GS1-014
SH02968	SH02968	GS1-015
SH02972	SH02972	GS1-015
SH02974	SH02974	GS1-015
SH02975	SH02975	GS1-015
SH02976	SH02976	GS1-015
SH02978	SH02978	GS1-015
SH02979	SH02979	GS1-015
SH02980	SH02980	GS1-015
SH02981	SH02981	GS1-015
SH02982	SH02982	GS1-015
SH02985	SH02985	GS1-015
SH02986	SH02986	GS1-015
SH02987	SH02987	GS1-015
SH02989	SH02989	GS1-015
SH02990	SH02990	GS1-015
SH02991	SH02991	GS1-015
SH02992	SH02992	GS1-015
SH02993	SH02993	GS1-015
SH02994	SH02994	GS1-015
SH02995	SH02995	GS1-015
SH02996	SH02996	GS1-015
SH02998	SH02998	GS1-015
SH02999	SH02999	GS1-015
SH03000	SH03000	GS1-015
SH03001	SH03001	GS1-015
SH03002	SH03002	GS1-015
SH03003	SH03003	GS1-015
SH03004	SH03004	GS1-015
SH03005	SH03005	GS1-015
SH03006	SH03006	GS1-015
SH03008	SH03008	GS1-015
SH03009	SH03009	GS1-015
SH03010	SH03010	GS1-015
SH03012	SH03012	GS1-015
SH03013	SH03013	GS1-015
SH03014	SH03014	GS1-015
SH03017	SH03017	GS1-015
SH03018	SH03018	GS1-015
SH03019	SH03019	GS1-015
SH03020	SH03020	GS1-015
SH03021	SH03021	GS1-015
SH03022	SH03022	GS1-015
SH03023	SH03023	GS1-015
SH03025	SH03025	GS1-015
SH03026	SH03026	GS1-015
SH03027	SH03027	GS1-015
SH03028	SH03028	GS1-015
SH03029	SH03029	GS1-015
SH03030	SH03030	GS1-015
SH03031	SH03031	GS1-015
SH03032	SH03032	GS1-015
SH03033	SH03033	GS1-015
SH03034	SH03034	GS1-015
SH03035	SH03035	GS1-015
SH03036	SH03036	GS1-015
SH03037	SH03037	GS1-015
SH03038	SH03038	GS1-015
SH03040	SH03040	GS1-015
SH03041	SH03041	GS1-015
SH03043	SH03043	GS1-015
SH03044	SH03044	GS1-015
SH03046	SH03046	GS1-015
SH03047	SH03047	GS1-015
SH03048	SH03048	GS1-015
SH03049	SH03049	GS1-015
SH03050	SH03050	GS1-015
SH03051	SH03051	GS1-015
SH03052	SH03052	GS1-015
SH03053	SH03053	GS1-015
SH03055	SH03055	GS1-015
SH03056	SH03056	GS1-015
SH03057	SH03057	GS1-015
SH03059	SH03059	GS1-015
SH03060	SH03060	GS1-015
SH03062	SH03062	GS1-015
SH03063	SH03063	GS1-015
SH03065	SH03065	GS1-015
SH03067	SH03067	GS1-015
SH03068	SH03068	GS1-015
SH03069	SH03069	GS1-015
SH03070	SH03070	GS1-015
SH03071	SH03071	GS1-015
SH03072	SH03072	GS1-015
SH03073	SH03073	GS1-015
SH03074	SH03074	GS1-015
SH03075	SH03075	GS1-015
SH03076	SH03076	GS1-015
SH03077	SH03077	GS1-015
SH03078	SH03078	GS1-015
SH03079	SH03079	GS1-015
SH03080	SH03080	GS1-015
SH03083	SH03083	GS1-015
SH03084	SH03084	GS1-015
SH03085	SH03085	GS1-015
SH03086	SH03086	GS1-015
SH03087	SH03087	GS1-015
SH03088	SH03088	GS1-015
SH03090	SH03090	GS1-015
SH03091	SH03091	GS1-015
SH03092	SH03092	GS1-015
SH03094	SH03094	GS1-015
SH03095	SH03095	GS1-015
SH03096	SH03096	GS1-015
SH03097	SH03097	GS1-015
SH03098	SH03098	GS1-015
SH03099	SH03099	GS1-015
SH03100	SH03100	GS1-015
SH03101	SH03101	GS1-015
SH03102	SH03102	GS1-015
SH03104	SH03104	GS1-016
SH03108	SH03108	GS1-016
SH03110	SH03110	GS1-016
SH03112	SH03112	GS1-016
SH03113	SH03113	GS1-016
SH03114	SH03114	GS1-016
SH03115	SH03115	GS1-016
SH03116	SH03116	GS1-016
SH03117	SH03117	GS1-016
SH03118	SH03118	GS1-016
SH03119	SH03119	GS1-016
SH03120	SH03120	GS1-016
SH03121	SH03121	GS1-016
SH03122	SH03122	GS1-016
SH03123	SH03123	GS1-016
SH03124	SH03124	GS1-016
SH03125	SH03125	GS1-016
SH03126	SH03126	GS1-016
SH03127	SH03127	GS1-016
SH03129	SH03129	GS1-016
SH03130	SH03130	GS1-016
SH03131	SH03131	GS1-016
SH03132	SH03132	GS1-016
SH03133	SH03133	GS1-016
SH03134	SH03134	GS1-016
SH03135	SH03135	GS1-016
SH03137	SH03137	GS1-016
SH03138	SH03138	GS1-016
SH03140	SH03140	GS1-016
SH03141	SH03141	GS1-016
SH03142	SH03142	GS1-016
SH03143	SH03143	GS1-016
SH03144	SH03144	GS1-016
SH03146	SH03146	GS1-016
SH03147	SH03147	GS1-016
SH03148	SH03148	GS1-016
SH03151	SH03151	GS1-016
SH03152	SH03152	GS1-016
SH03153	SH03153	GS1-016
SH03154	SH03154	GS1-016
SH03155	SH03155	GS1-016
SH03156	SH03156	GS1-016
SH03157	SH03157	GS1-016
SH03158	SH03158	GS1-016
SH03160	SH03160	GS1-016
SH03161	SH03161	GS1-016
SH03162	SH03162	GS1-016
SH03163	SH03163	GS1-016
SH03164	SH03164	GS1-016
SH03165	SH03165	GS1-016
SH03167	SH03167	GS1-016
SH03168	SH03168	GS1-016
SH03169	SH03169	GS1-016
SH03170	SH03170	GS1-016
SH03171	SH03171	GS1-016
SH03172	SH03172	GS1-016
SH03175	SH03175	GS1-016
SH03176	SH03176	GS1-016
SH03177	SH03177	GS1-016
SH03179	SH03179	GS1-016
SH03180	SH03180	GS1-016
SH03236	SH03236	GS1-016
SH03445	SH03445	GS1-019
SH03468	SH03468	GS1-019
SH03470	SH03470	GS1-019
SH03588	SH03588	GS1-020
SH03870	SH03870	GS1-015
SH03872	SH03872	GS1-022
SH03875	SH03875	GS1-022
SH03994	SH03994	GS1-023
SH04294	SH04294	GS1-025
SH04408	SH04408	GS1-026
SH04415	SH04415	GS1-026
SH04421	SH04421	GS1-026
SH04513	SH04513	GS1-027
SH04514	SH04514	GS1-027
SH04881	SH04881	GS1-031
SH05027	SH05027	GS1-032
SH05403	SH05403	GS1-035
SH05428	SH05428	GS1-035
SH05646	SH05646	GS1-036
SH05688	SH05688	GS1-037
SH05689	SH05689	GS1-037
SH05919	SH05919	GS1-039
SH05939	SH05939	GS1-039
SH06137	SH06137	GS1-040
SH06198	SH06198	GS1-043
SH06325	SH06325	GS1-042
SH06452	SH06452	GS1-043
SH06556	SH06556	GS1-044
SH06557	SH06557	GS1-044
SH06560	SH06560	GS1-044
SH06563	SH06563	GS1-044
SH06565	SH06565	GS1-044
SH06608	SH06608	GS1-045
SH06623	SH06623	GS1-045
SH06634	SH06634	GS1-045
SH06733	SH06733	GS1-045
SH06771	SH06771	GS1-046
SH06856	SH06856	GS1-046
SH06882	SH06882	GS1-048
SH06885	SH06885	GS1-048
SH07034	SH07034	GS1-049
SH07036	SH07036	GS1-049
SH07041	SH07041	GS1-049
SH07142	SH07142	GS1-050
SH07167	SH07167	GS1-050
SH07277	SH07277	GS1-051
SH07397	SH07397	GS1-052
SH07631	SH07631	GS1-054
SH07652	SH07652	GS1-054
SH07659	SH07659	GS1-054
SH07784	SH07784	GS1-055
SH07887	SH07887	GS1-056
SH07895	SH07895	GS1-056
SH07906	SH07906	GS1-056
SH07907	SH07907	GS1-056
SH08260	SH08260	GS1-059
SH08271	SH08271	GS1-059
SH08272	SH08272	GS1-059
SH08274	SH08274	GS1-059
SH08277	SH08277	GS1-059
SH08279	SH08279	GS1-059
SH08371	SH08371	GS1-059
SH08391	SH08391	GS1-059
SH08420	SH08420	GS1-060
SH08559	SH08559	GS1-061
SH08672	SH08672	GS1-007
SH00243	SH00243	GS1-030
SH00052	SH00052	GS1-018
SH00250	SH00250	GS1-030
SH03469	SH03469	GS1-019
SH00246	SH00246	GS1-030
SH03337	SH03337	GS1-017
SH00054	SH00054	GS1-018
SH00181	SH00181	GS1-030
SH00247	SH00247	GS2-026
SH03446	SH03446	GS1-019
SH03514	SH03514	GS1-019
SH06765	SH06765	GS1-046
SH00059	SH00059	GS1-018
SH03455	SH03455	GS1-019
SH00190	SH00190	GS1-030
SH00252	SH00252	GS1-030
SH01712	SH01712	GS1-005
SH00128	SH00128	GS1-018
SH03405	SH03405	GS1-017
SH01310	SH01310	GS1-002
SH03476	SH03476	GS1-019
SH03447	SH03447	GS1-019
SH03317	SH03317	GS1-017
SH03302	SH03302	GS1-017
SH03401	SH03401	GS1-017
SH03433	SH03433	GS1-017
SH03378	SH03378	GS1-017
SH01150	SH01150	GS1-001
SH03449	SH03449	GS1-019
SH00366	SH00366	GS1-030
SH03562	SH03562	GS1-018
SH03407	SH03407	GS1-017
SH03287	SH03287	GS1-017
SH03440	SH03440	GS1-019
SH03350	SH03350	GS1-017
SH03485	SH03485	GS1-019
SH03420	SH03420	GS1-017
SH03478	SH03478	GS1-019
SH03352	SH03352	GS1-017
SH01156	SH01156	GS1-001
SH03289	SH03289	GS1-017
SH03467	SH03467	GS1-018
SH03342	SH03342	GS1-017
SH01968	SH01968	GS1-007
SH03353	SH03353	GS1-017
SH01419	SH01419	GS1-003
SH03403	SH03403	GS1-017
SH00249	SH00249	GS1-030
SH03377	SH03377	GS1-017
SH03435	SH03435	GS1-017
SH01147	SH01147	GS1-001
SH03355	SH03355	GS1-017
SH03408	SH03408	GS1-017
SH03559	SH03559	GS1-019
SH03544	SH03544	GS1-019
SH03406	SH03406	GS1-017
SH03456	SH03456	GS1-019
SH03397	SH03397	GS1-017
SH03400	SH03400	GS1-017
SH03345	SH03345	GS1-017
SH03457	SH03457	GS1-019
SH03411	SH03411	GS1-017
SH03358	SH03358	GS1-017
SH03417	SH03417	GS1-017
SH03499	SH03499	GS1-019
SH03304	SH03304	GS1-017
SH03321	SH03321	GS1-017
SH03375	SH03375	GS1-017
SH00244	SH00244	GS1-030
SH03507	SH03507	GS1-019
SH03474	SH03474	GS1-019
SH07023	SH07023	GS1-049
SH03283	SH03283	GS1-017
SH03461	SH03461	GS1-019
SH03371	SH03371	GS1-017
SH03429	SH03429	GS1-017
SH03412	SH03412	GS1-017
SH03450	SH03450	GS1-019
SH03475	SH03475	GS1-019
SH03354	SH03354	GS1-017
SH03490	SH03490	GS1-019
SH03374	SH03374	GS1-017
SH03311	SH03311	GS1-017
SH03359	SH03359	GS1-017
SH03528	SH03528	GS1-019
SH03319	SH03319	GS1-017
SH03547	SH03547	GS1-019
SH03448	SH03448	GS1-019
SH03404	SH03404	GS1-017
SH03314	SH03314	GS1-017
SH03460	SH03460	GS1-019
SH03336	SH03336	GS1-017
SH03413	SH03413	GS1-017
SH02004	SH02004	GS1-007
SH03443	SH03443	GS1-019
SH01051	SH01051	GS1-001
SH00220	SH00220	GS1-030
SH03539	SH03539	GS1-019
SH03391	SH03391	GS1-017
SH03362	SH03362	GS1-017
SH00396	SH00396	GS2-021
SH03361	SH03361	GS1-017
SH03339	SH03339	GS1-017
SH03366	SH03366	GS1-017
SH03322	SH03322	GS1-017
SH03392	SH03392	GS1-017
SH01066	SH01066	GS1-001
SH03527	SH03527	GS1-019
SH03520	SH03520	GS1-019
SH03410	SH03410	GS1-017
SH03293	SH03293	GS1-017
SH03399	SH03399	GS1-017
SH03495	SH03495	GS1-019
SH03563	SH03563	GS1-018
SH03379	SH03379	GS1-017
SH03432	SH03432	GS1-017
SH00600	SH00600	GS2-026
SH03320	SH03320	GS1-017
SH00656	SH00656	GS2-026
SH03348	SH03348	GS1-017
SH03318	SH03318	GS1-017
SH03284	SH03284	GS1-017
SH00066	SH00066	GS1-018
SH03459	SH03459	GS1-019
SH03419	SH03419	GS1-017
SH03389	SH03389	GS1-017
SH03328	SH03328	GS1-017
SH03230	SH03230	GS1-016
SH03463	SH03463	GS1-019
SH03394	SH03394	GS1-017
SH03373	SH03373	GS1-017
SH03551	SH03551	GS1-019
SH01055	SH01055	GS1-001
SH03521	SH03521	GS1-019
SH03473	SH03473	GS1-019
SH03560	SH03560	GS1-018
SH03386	SH03386	GS1-017
SH03390	SH03390	GS1-017
SH03402	SH03402	GS1-017
SH01161	SH01161	GS1-001
SH03466	SH03466	GS1-019
SH03323	SH03323	GS1-017
SH03393	SH03393	GS1-017
SH00228	SH00228	GS1-030
SH03518	SH03518	GS1-019
SH03538	SH03538	GS1-018
SH03369	SH03369	GS1-017
SH03383	SH03383	GS1-017
SH03329	SH03329	GS1-017
SH00251	SH00251	GS1-030
SH03326	SH03326	GS1-017
SH03545	SH03545	GS1-019
SH03364	SH03364	GS1-017
SH03531	SH03531	GS1-019
SH03372	SH03372	GS1-017
SH03501	SH03501	GS1-018
SH00610	SH00610	GS2-026
SH03387	SH03387	GS1-017
SH03334	SH03334	GS1-017
SH03370	SH03370	GS1-017
SH03332	SH03332	GS1-017
SH03550	SH03550	GS1-019
SH03424	SH03424	GS1-017
SH03325	SH03325	GS1-017
SH03561	SH03561	GS1-019
SH03309	SH03309	GS1-017
SH00156	SH00156	GS1-018
SH03451	SH03451	GS1-019
SH03295	SH03295	GS1-017
SH03341	SH03341	GS1-017
SH03327	SH03327	GS1-017
SH03546	SH03546	GS1-019
SH03360	SH03360	GS1-017
SH03472	SH03472	GS1-018
SH03290	SH03290	GS1-017
SH03308	SH03308	GS1-017
SH03488	SH03488	GS1-019
SH03503	SH03503	GS1-018
SH03498	SH03498	GS1-019
SH03430	SH03430	GS1-017
SH03253	SH03253	GS1-017
SH02798	SH02798	GS1-013
SH03541	SH03541	GS1-019
SH03423	SH03423	GS1-017
SH03416	SH03416	GS1-017
SH03225	SH03225	GS1-016
SH03534	SH03534	GS1-018
SH03395	SH03395	GS1-017
SH03480	SH03480	GS1-019
SH03515	SH03515	GS1-019
SH03316	SH03316	GS1-017
SH03489	SH03489	GS1-019
SH03556	SH03556	GS1-019
SH03313	SH03313	GS1-017
SH03537	SH03537	GS1-019
SH03367	SH03367	GS1-017
SH03482	SH03482	GS1-019
SH03388	SH03388	GS1-017
SH03356	SH03356	GS1-017
SH03298	SH03298	GS1-017
SH03357	SH03357	GS1-017
SH03415	SH03415	GS1-017
SH03204	SH03204	GS1-016
SH03368	SH03368	GS1-017
SH03202	SH03202	GS1-016
SH03381	SH03381	GS1-017
SH01424	SH01424	GS1-003
SH00205	SH00205	GS1-030
SH03200	SH03200	GS1-016
SH03422	SH03422	GS1-017
SH03523	SH03523	GS1-018
SH03385	SH03385	GS1-017
SH03199	SH03199	GS1-016
SH03500	SH03500	GS1-019
SH03536	SH03536	GS1-019
SH03082	SH03082	GS1-015
SH03310	SH03310	GS1-017
SH03330	SH03330	GS1-017
SH03340	SH03340	GS1-017
SH03344	SH03344	GS1-017
SH03280	SH03280	GS1-017
SH03093	SH03093	GS1-015
SH03201	SH03201	GS1-016
SH03343	SH03343	GS1-017
SH03548	SH03548	GS1-019
SH01659	SH01659	GS1-005
SH03568	SH03568	GS1-019
SH03512	SH03512	GS1-019
SH03453	SH03453	GS1-019
SH03477	SH03477	GS1-019
SH03497	SH03497	GS1-019
SH06432	SH06432	GS1-043
SH03471	SH03471	GS1-019
SH01397	SH01397	GS1-003
SH03511	SH03511	GS1-018
SH03414	SH03414	GS1-017
SH03553	SH03553	GS1-019
SH03301	SH03301	GS1-017
SH03239	SH03239	GS1-016
SH03533	SH03533	GS1-019
SH03421	SH03421	GS1-017
SH03524	SH03524	GS1-019
SH03333	SH03333	GS1-017
SH03427	SH03427	GS1-017
SH03315	SH03315	GS1-017
SH03530	SH03530	GS1-019
SH03365	SH03365	GS1-017
SH03347	SH03347	GS1-017
SH03492	SH03492	GS1-019
SH03222	SH03222	GS1-016
SH03431	SH03431	GS1-017
SH00116	SH00116	GS1-018
SH03294	SH03294	GS1-017
SH03516	SH03516	GS1-019
SH03194	SH03194	GS1-016
SH03324	SH03324	GS1-017
SH00646	SH00646	GS2-026
SH03307	SH03307	GS1-017
SH03428	SH03428	GS1-017
SH03351	SH03351	GS1-017
SH03543	SH03543	GS1-018
SH03376	SH03376	GS1-017
SH03300	SH03300	GS1-017
SH03277	SH03277	GS1-017
SH03529	SH03529	GS1-019
SH03346	SH03346	GS1-017
SH02861	SH02861	GS1-014
SH03306	SH03306	GS1-017
SH03241	SH03241	GS1-017
SH03458	SH03458	GS1-019
SH03425	SH03425	GS1-017
SH01950	SH01950	GS1-007
SH03384	SH03384	GS1-017
SH03245	SH03245	GS1-017
SH02538	SH02538	GS1-011
SH03487	SH03487	GS1-019
SH01531	SH01531	GS1-004
SH03502	SH03502	GS1-018
SH03564	SH03564	GS1-018
SH03229	SH03229	GS1-016
SH03555	SH03555	GS1-019
SH02864	SH02864	GS1-014
SH03227	SH03227	GS1-016
SH01220	SH01220	GS1-002
SH03266	SH03266	GS1-017
SH03462	SH03462	GS1-019
SH03565	SH03565	GS1-019
SH03196	SH03196	GS1-016
SH03418	SH03418	GS1-017
SH03493	SH03493	GS1-019
SH03186	SH03186	GS1-016
SH02624	SH02624	GS1-012
SH03305	SH03305	GS1-017
SH03272	SH03272	GS1-017
SH00018	SH00018	GS1-018
SH03517	SH03517	GS1-019
SH01824	SH01824	GS1-006
SH03258	SH03258	GS1-017
SH03251	SH03251	GS1-017
SH03279	SH03279	GS1-017
SH03281	SH03281	GS1-017
SH03246	SH03246	GS1-017
SH03481	SH03481	GS1-019
SH01822	SH01822	GS1-006
SH03205	SH03205	GS1-016
SH03303	SH03303	GS1-017
SH03058	SH03058	GS1-015
SH02817	SH02817	GS1-013
SH00074	SH00074	GS1-018
SH01599	SH01599	GS1-004
SH03338	SH03338	GS1-017
SH03496	SH03496	GS1-019
SH03181	SH03181	GS1-016
SH03525	SH03525	GS1-019
SH03297	SH03297	GS1-017
SH03464	SH03464	GS1-019
SH03292	SH03292	GS1-017
SH02622	SH02622	GS1-012
SH03192	SH03192	GS1-016
SH03216	SH03216	GS1-016
SH00090	SH00090	GS1-018
SH01144	SH01144	GS1-001
SH03252	SH03252	GS1-017
SH03207	SH03207	GS1-016
SH03260	SH03260	GS1-017
SH03249	SH03249	GS1-017
SH03197	SH03197	GS1-016
SH03185	SH03185	GS1-016
SH03569	SH03569	GS1-019
SH03215	SH03215	GS1-016
SH03566	SH03566	GS1-019
SH00611	SH00611	GS2-026
SH03265	SH03265	GS1-017
SH03278	SH03278	GS1-017
SH03542	SH03542	GS1-019
SH03193	SH03193	GS1-016
SH02562	SH02562	GS1-011
SH03226	SH03226	GS1-016
SH02776	SH02776	GS1-013
SH03212	SH03212	GS1-016
SH03567	SH03567	GS1-019
SH03209	SH03209	GS1-016
SH03247	SH03247	GS1-017
SH03275	SH03275	GS1-017
SH03491	SH03491	GS1-019
SH00030	SH00030	GS1-018
SH01486	SH01486	GS1-003
SH02495	SH02495	GS1-011
SH01823	SH01823	GS1-006
SH00025	SH00025	GS1-018
SH03263	SH03263	GS1-017
SH03291	SH03291	GS1-017
SH03234	SH03234	GS1-016
SH03128	SH03128	GS1-016
SH03257	SH03257	GS1-017
SH03248	SH03248	GS1-017
SH01930	SH01930	GS1-007
SH03183	SH03183	GS1-016
SH03187	SH03187	GS1-016
SH03184	SH03184	GS1-016
SH03254	SH03254	GS1-017
SH03188	SH03188	GS1-016
SH02697	SH02697	GS1-012
SH03273	SH03273	GS1-017
SH03268	SH03268	GS1-017
SH03262	SH03262	GS1-017
SH02539	SH02539	GS1-011
SH03264	SH03264	GS1-017
SH03558	SH03558	GS1-019
SH02887	SH02887	GS1-014
SH03195	SH03195	GS1-016
SH03182	SH03182	GS1-016
SH03206	SH03206	GS1-016
SH03396	SH03396	GS1-017
SH02935	SH02935	GS1-014
SH03269	SH03269	GS1-017
SH03274	SH03274	GS1-017
SH03211	SH03211	GS1-016
SH03256	SH03256	GS1-017
SH03270	SH03270	GS1-017
SH00178	SH00178	GS1-030
SH03299	SH03299	GS1-017
SH01674	SH01674	GS1-005
SH10132	SH10132	GS1-072
SH10133	SH10133	GS1-072
SH10134	SH10134	GS1-072
SH10135	SH10135	GS1-072
SH10136	SH10136	GS1-072
SH10137	SH10137	GS1-072
SH10138	SH10138	GS1-072
SH10139	SH10139	GS1-072
SH10140	SH10140	GS1-072
SH10143	SH10143	GS1-072
SH10145	SH10145	GS1-073
SH10147	SH10147	GS2-024
SH10148	SH10148	GS1-073
SH10149	SH10149	GS1-073
SH10150	SH10150	GS1-073
SH10152	SH10152	GS1-073
SH10153	SH10153	GS1-073
SH10154	SH10154	GS1-073
SH10155	SH10155	GS1-073
SH10156	SH10156	GS1-073
SH10157	SH10157	GS1-073
SH10158	SH10158	GS1-073
SH10159	SH10159	GS1-073
SH10160	SH10160	GS1-073
SH10161	SH10161	GS1-073
SH10162	SH10162	GS1-073
SH10240	SH10240	GS1-073
SH10241	SH10241	GS1-073
SH10242	SH10242	GS1-073
SH10244	SH10244	GS1-073
SH10245	SH10245	GS1-073
SH10246	SH10246	GS1-073
SH10247	SH10247	GS1-073
SH10248	SH10248	GS1-073
SH10249	SH10249	GS1-073
SH10251	SH10251	GS1-074
SH10253	SH10253	GS2-012
SH10254	SH10254	GS1-074
SH10255	SH10255	GS1-074
SH10256	SH10256	GS1-074
SH10258	SH10258	GS1-074
SH10259	SH10259	GS1-074
SH10260	SH10260	GS1-074
SH10261	SH10261	GS1-074
SH10262	SH10262	GS1-074
SH10263	SH10263	GS1-074
SH10264	SH10264	GS2-014
SH10265	SH10265	GS1-074
SH10266	SH10266	GS1-074
SH10267	SH10267	GS1-074
SH10281	SH10281	GS1-074
SH10375	SH10375	GS1-074
SH10376	SH10376	GS1-074
SH10377	SH10377	GS1-074
SH10378	SH10378	GS1-074
SH10379	SH10379	GS1-074
SH10380	SH10380	GS1-074
SH10382	SH10382	GS1-074
SH10383	SH10383	GS1-074
SH10384	SH10384	GS1-074
SH10385	SH10385	GS1-074
SH10387	SH10387	GS1-074
SH10389	SH10389	GS1-074
SH10391	SH10391	GS1-074
SH10392	SH10392	GS1-074
SH10393	SH10393	GS1-075
SH10396	SH10396	GS1-075
SH10397	SH10397	GS1-075
SH10398	SH10398	GS1-075
SH10399	SH10399	GS1-065
SH10425	SH10425	GS1-075
SH10484	SH10484	GS1-076
SH11354	SH11354	GS1-084
SH11355	SH11355	GS1-084
SH11746	SH11746	GS2-001
SH11747	SH11747	GS2-001
SH11748	SH11748	GS2-001
SH11749	SH11749	GS2-001
SH11751	SH11751	GS2-001
SH11752	SH11752	GS2-001
SH11753	SH11753	GS2-001
SH11754	SH11754	GS2-001
SH11755	SH11755	GS2-001
SH11756	SH11756	GS2-001
SH11757	SH11757	GS2-014
SH11758	SH11758	GS2-001
SH11759	SH11759	GS2-001
SH11760	SH11760	GS2-001
SH11761	SH11761	GS2-001
SH11762	SH11762	GS2-001
SH11763	SH11763	GS2-001
SH11765	SH11765	GS2-001
SH11766	SH11766	GS2-001
SH11767	SH11767	GS2-001
SH11768	SH11768	GS2-001
SH11769	SH11769	GS2-001
SH11770	SH11770	GS2-001
SH11771	SH11771	GS2-001
SH11772	SH11772	GS2-001
SH11773	SH11773	GS2-001
SH11774	SH11774	GS2-001
SH11775	SH11775	GS2-001
SH11776	SH11776	GS2-001
SH11777	SH11777	GS2-001
SH11778	SH11778	GS2-001
SH11779	SH11779	GS2-001
SH11780	SH11780	GS2-001
SH11781	SH11781	GS2-001
SH11782	SH11782	GS2-001
SH11783	SH11783	GS2-001
SH11784	SH11784	GS2-001
SH11785	SH11785	GS2-001
SH11787	SH11787	GS2-001
SH11788	SH11788	GS2-001
SH11791	SH11791	GS2-015-3
SH11795	SH11795	GS2-001
SH11796	SH11796	GS2-001
SH11799	SH11799	GS2-001
SH11801	SH11801	GS2-001
SH11802	SH11802	GS2-001
SH11803	SH11803	GS2-001
SH11804	SH11804	GS2-001
SH11805	SH11805	GS2-001
SH11807	SH11807	GS2-001
SH11808	SH11808	GS2-001
SH11809	SH11809	GS2-001
SH11810	SH11810	GS2-001
SH11811	SH11811	GS2-001
SH11812	SH11812	GS2-001
SH11813	SH11813	GS2-001
SH11814	SH11814	GS2-001
SH11816	SH11816	GS2-001
SH11817	SH11817	GS2-001
SH11818	SH11818	GS2-001
SH11819	SH11819	GS2-001
SH11820	SH11820	GS2-001
SH11821	SH11821	GS2-001
SH11822	SH11822	GS2-001
SH11823	SH11823	GS2-001
SH11824	SH11824	GS2-001
SH11825	SH11825	GS2-001
SH11827	SH11827	GS2-001
SH11828	SH11828	GS2-001
SH11830	SH11830	GS2-001
SH11831	SH11831	GS2-001
SH11832	SH11832	GS2-001
SH11833	SH11833	GS2-001
SH11834	SH11834	GS2-001
SH11835	SH11835	GS2-001
SH11837	SH11837	GS2-001
SH11838	SH11838	GS2-001
SH11839	SH11839	GS2-001
SH11840	SH11840	GS2-001
SH11842	SH11842	GS2-001
SH11843	SH11843	GS2-001
SH11844	SH11844	GS2-001
SH11845	SH11845	GS2-001
SH11847	SH11847	GS2-001
SH11848	SH11848	GS2-001
SH11850	SH11850	GS2-001
SH11851	SH11851	GS2-001
SH11852	SH11852	GS2-001
SH11853	SH11853	GS2-001
SH11854	SH11854	GS2-001
SH11855	SH11855	GS2-001
SH11856	SH11856	GS2-001
SH11858	SH11858	GS2-001
SH11859	SH11859	GS2-001
SH11860	SH11860	GS2-001
SH11861	SH11861	GS2-001
SH11862	SH11862	GS2-001
SH11863	SH11863	GS2-001
SH11864	SH11864	GS2-001
SH11865	SH11865	GS2-001
SH11866	SH11866	GS2-001
SH11867	SH11867	GS2-001
SH11868	SH11868	GS2-001
SH11869	SH11869	GS2-001
SH11870	SH11870	GS2-001
SH11871	SH11871	GS2-001
SH11872	SH11872	GS2-001
SH11873	SH11873	GS2-001
SH11875	SH11875	GS2-001
SH11876	SH11876	GS2-001
SH11878	SH11878	GS2-001
SH11879	SH11879	GS2-001
SH11880	SH11880	GS2-001
SH11881	SH11881	GS2-001
SH11882	SH11882	GS2-001
SH11883	SH11883	GS2-001
SH11884	SH11884	GS2-001
SH11885	SH11885	GS2-001
SH11886	SH11886	GS2-001
SH11887	SH11887	GS2-001
SH11888	SH11888	GS2-001
SH11890	SH11890	GS2-001
SH11891	SH11891	GS2-001
SH11892	SH11892	GS2-001
SH11893	SH11893	GS2-001
SH11894	SH11894	GS2-001
SH11895	SH11895	GS2-001
SH11896	SH11896	GS2-001
SH11897	SH11897	GS2-001
SH11898	SH11898	GS2-001
SH11899	SH11899	GS2-001
SH11901	SH11901	GS2-001
SH11902	SH11902	GS2-001
SH11903	SH11903	GS2-001
SH11905	SH11905	GS2-001
SH11906	SH11906	GS2-001
SH11907	SH11907	GS2-001
SH11908	SH11908	GS2-001
SH11909	SH11909	GS2-001
SH11911	SH11911	GS2-001
SH11912	SH11912	GS2-001
SH11913	SH11913	GS2-001
SH11914	SH11914	GS2-001
SH11915	SH11915	GS2-001
SH11916	SH11916	GS2-001
SH11917	SH11917	GS2-001
SH11918	SH11918	GS2-001
SH11919	SH11919	GS2-001
SH11920	SH11920	GS2-001
SH11921	SH11921	GS2-001
SH11922	SH11922	GS2-001
SH11924	SH11924	GS2-001
SH11925	SH11925	GS2-001
SH11926	SH11926	GS2-001
SH11928	SH11928	GS2-001
SH11929	SH11929	GS2-001
SH11930	SH11930	GS2-001
SH11933	SH11933	GS2-001
SH11934	SH11934	GS2-001
SH11936	SH11936	GS2-001
SH11942	SH11942	GS2-002
SH11943	SH11943	GS2-002
SH11944	SH11944	GS2-002
SH11946	SH11946	GS2-002
SH11947	SH11947	GS2-002
SH11948	SH11948	GS2-002
SH11949	SH11949	GS2-002
SH11950	SH11950	GS2-002
SH11951	SH11951	GS2-002
SH11953	SH11953	GS2-002
SH11954	SH11954	GS2-002
SH11955	SH11955	GS2-002
SH11956	SH11956	GS2-002
SH11957	SH11957	GS2-002
SH11958	SH11958	GS2-002
SH11959	SH11959	GS2-002
SH11961	SH11961	GS2-002
SH11962	SH11962	GS2-002
SH11963	SH11963	GS2-002
SH11964	SH11964	GS2-002
SH11965	SH11965	GS2-002
SH11966	SH11966	GS2-002
SH11968	SH11968	GS2-002
SH11969	SH11969	GS2-002
SH11970	SH11970	GS2-002
SH11972	SH11972	GS2-002
SH11973	SH11973	GS2-002
SH11974	SH11974	GS2-003
SH11975	SH11975	GS2-002
SH11976	SH11976	GS2-002
SH11977	SH11977	GS2-002
SH11978	SH11978	GS2-002
SH11980	SH11980	GS2-002
SH11981	SH11981	GS2-002
SH11982	SH11982	GS2-002
SH11987	SH11987	GS2-002
SH11988	SH11988	GS2-002
SH11989	SH11989	GS2-002
SH11990	SH11990	GS2-002
SH11991	SH11991	GS2-002
SH11992	SH11992	GS2-002
SH11993	SH11993	GS2-002
SH11995	SH11995	GS2-002
SH11996	SH11996	GS2-002
SH11997	SH11997	GS2-002
SH11998	SH11998	GS2-002
SH11999	SH11999	GS2-002
SH12000	SH12000	GS2-002
SH12001	SH12001	GS2-002
SH12002	SH12002	GS2-002
SH12003	SH12003	GS2-002
SH12004	SH12004	GS2-002
SH12005	SH12005	GS2-002
SH12006	SH12006	GS2-002
SH12007	SH12007	GS2-002
SH12008	SH12008	GS2-002
SH12009	SH12009	GS2-002
SH12011	SH12011	GS2-002
SH12012	SH12012	GS2-002
SH12013	SH12013	GS2-002
SH12014	SH12014	GS2-002
SH12016	SH12016	GS2-002
SH12017	SH12017	GS2-002
SH12018	SH12018	GS2-002
SH12019	SH12019	GS2-002
SH12020	SH12020	GS2-002
SH12022	SH12022	GS2-002
SH12023	SH12023	GS2-002
SH12024	SH12024	GS2-002
SH12026	SH12026	GS2-002
SH12027	SH12027	GS2-002
SH12028	SH12028	GS2-002
SH12029	SH12029	GS2-002
SH12030	SH12030	GS2-002
SH12031	SH12031	GS1-013
SH12032	SH12032	GS2-002
SH12036	SH12036	GS2-002
SH12039	SH12039	GS2-002
SH12040	SH12040	GS2-002
SH12041	SH12041	GS1-020
SH12044	SH12044	GS2-002
SH12046	SH12046	GS2-002
SH12048	SH12048	GS2-002
SH12050	SH12050	GS2-002
SH12051	SH12051	GS2-002
SH12054	SH12054	GS2-002
SH12056	SH12056	GS2-002
SH12058	SH12058	GS2-002
SH12059	SH12059	GS2-002
SH12060	SH12060	GS2-002
SH12062	SH12062	GS1-070
SH12063	SH12063	GS2-002
SH12065	SH12065	GS2-002
SH12066	SH12066	GS2-002
SH12067	SH12067	GS2-002
SH12068	SH12068	GS2-002
SH12070	SH12070	GS2-002
SH12071	SH12071	GS1-070
SH12072	SH12072	GS2-002
SH12073	SH12073	GS2-002
SH12074	SH12074	GS2-002
SH12075	SH12075	GS2-002
SH12077	SH12077	GS2-002
SH12078	SH12078	GS2-002
SH12079	SH12079	GS1-070
SH12080	SH12080	GS2-002
SH12082	SH12082	GS2-002
SH12083	SH12083	GS2-002
SH12084	SH12084	GS2-002
SH12085	SH12085	GS2-002
SH12087	SH12087	GS2-002
SH12089	SH12089	GS2-002
SH12090	SH12090	GS2-002
SH12091	SH12091	GS2-002
SH12093	SH12093	GS2-002
SH12095	SH12095	GS1-070
SH12096	SH12096	GS2-002
SH12097	SH12097	GS2-002
SH12098	SH12098	GS2-002
SH12101	SH12101	GS2-002
SH12103	SH12103	GS2-002
SH12105	SH12105	GS2-002
SH12106	SH12106	GS2-002
SH12107	SH12107	GS2-002
SH12109	SH12109	GS2-002
SH12110	SH12110	GS1-070
SH12111	SH12111	GS2-002
SH12112	SH12112	GS2-002
SH12117	SH12117	GS2-002
SH12118	SH12118	GS2-002
SH12119	SH12119	GS2-002
SH12120	SH12120	GS2-002
SH12122	SH12122	GS2-002
SH12123	SH12123	GS2-002
SH12124	SH12124	GS2-002
SH12125	SH12125	GS2-002
SH12128	SH12128	GS2-002
SH12129	SH12129	GS2-002
SH12133	SH12133	GS2-002
SH12134	SH12134	GS2-002
SH12135	SH12135	GS2-002
SH12136	SH12136	GS2-002
SH12137	SH12137	GS2-002
SH12139	SH12139	GS2-002
SH12140	SH12140	GS2-002
SH12141	SH12141	GS2-002
SH12144	SH12144	GS2-003
SH12147	SH12147	GS1-061
SH12148	SH12148	GS2-003
SH12149	SH12149	GS2-003
SH12150	SH12150	GS2-003
SH12151	SH12151	GS2-003
SH12153	SH12153	GS2-003
SH12154	SH12154	GS2-003
SH12156	SH12156	GS2-003
SH12157	SH12157	GS2-003
SH12161	SH12161	GS2-003
SH12162	SH12162	GS2-003
SH12164	SH12164	GS2-003
SH12165	SH12165	GS2-003
SH12167	SH12167	GS2-003
SH12168	SH12168	GS2-003
SH12169	SH12169	GS2-003
SH12171	SH12171	GS2-003
SH12172	SH12172	GS2-003
SH12173	SH12173	GS2-003
SH12175	SH12175	GS2-003
SH12176	SH12176	GS2-003
SH12177	SH12177	GS2-003
SH12179	SH12179	GS2-003
SH12181	SH12181	GS2-003
SH12182	SH12182	GS2-003
SH12183	SH12183	GS2-003
SH12184	SH12184	GS2-003
SH12186	SH12186	GS2-003
SH12187	SH12187	GS2-003
SH12188	SH12188	GS2-003
SH12191	SH12191	GS2-003
SH12194	SH12194	GS2-003
SH12195	SH12195	GS2-003
SH12196	SH12196	GS2-002
SH12197	SH12197	GS2-003
SH12198	SH12198	GS2-003
SH12199	SH12199	GS2-003
SH12201	SH12201	GS2-003
SH12203	SH12203	GS2-003
SH12204	SH12204	GS2-003
SH12206	SH12206	GS2-003
SH12207	SH12207	GS2-003
SH12208	SH12208	GS2-003
SH12209	SH12209	GS2-003
SH12211	SH12211	GS2-003
SH12212	SH12212	GS2-003
SH12213	SH12213	GS2-003
SH12214	SH12214	GS2-003
SH12215	SH12215	GS2-003
SH12218	SH12218	GS2-003
SH12219	SH12219	GS2-003
SH12220	SH12220	GS2-003
SH12221	SH12221	GS2-003
SH12222	SH12222	GS2-003
SH12223	SH12223	GS2-003
SH12224	SH12224	GS2-003
SH12225	SH12225	GS2-003
SH12226	SH12226	GS2-003
SH12227	SH12227	GS2-003
SH12228	SH12228	GS2-003
SH12230	SH12230	GS2-003
SH12231	SH12231	GS2-003
SH12232	SH12232	GS2-003
SH12233	SH12233	GS2-003
SH12234	SH12234	GS1-015
SH12235	SH12235	GS2-003
SH12236	SH12236	GS2-003
SH12238	SH12238	GS2-003
SH12239	SH12239	GS2-003
SH12240	SH12240	GS2-003
SH12241	SH12241	GS2-003
SH12243	SH12243	GS2-003
SH12244	SH12244	GS2-003
SH12245	SH12245	GS2-003
SH12246	SH12246	GS2-003
SH12247	SH12247	GS2-003
SH12248	SH12248	GS2-003
SH12249	SH12249	GS2-003
SH12250	SH12250	GS2-003
SH12251	SH12251	GS2-003
SH12252	SH12252	GS2-003
SH12253	SH12253	GS2-003
SH12254	SH12254	GS2-003
SH12255	SH12255	GS2-003
SH12256	SH12256	GS2-003
SH12258	SH12258	GS2-003
SH12259	SH12259	GS2-003
SH12260	SH12260	GS2-003
SH12261	SH12261	GS2-003
SH12263	SH12263	GS2-003
SH12264	SH12264	GS2-003
SH12265	SH12265	GS2-003
SH12266	SH12266	GS2-003
SH12267	SH12267	GS2-003
SH12268	SH12268	GS2-003
SH12269	SH12269	GS2-003
SH12270	SH12270	GS2-003
SH12271	SH12271	GS2-003
SH12272	SH12272	GS2-003
SH12273	SH12273	GS2-003
SH12274	SH12274	GS2-003
SH12275	SH12275	GS2-003
SH12276	SH12276	GS2-003
SH12277	SH12277	GS2-003
SH12278	SH12278	GS2-003
SH12279	SH12279	GS2-003
SH12280	SH12280	GS2-003
SH12281	SH12281	GS2-003
SH12282	SH12282	GS2-003
SH12283	SH12283	GS2-003
SH12284	SH12284	GS2-003
SH12285	SH12285	GS2-003
SH12286	SH12286	GS2-003
SH12287	SH12287	GS2-003
SH12288	SH12288	GS2-003
SH12289	SH12289	GS2-003
SH12291	SH12291	GS2-003
SH12293	SH12293	GS2-003
SH12294	SH12294	GS2-003
SH12295	SH12295	GS2-003
SH12296	SH12296	GS2-003
SH12297	SH12297	GS1-010
SH12298	SH12298	GS2-003
SH12299	SH12299	GS2-003
SH12300	SH12300	GS2-003
SH12301	SH12301	GS2-003
SH12302	SH12302	GS2-003
SH12303	SH12303	GS2-003
SH12304	SH12304	GS2-003
SH12305	SH12305	GS2-003
SH12306	SH12306	GS2-003
SH12308	SH12308	GS2-003
SH12309	SH12309	GS1-010
SH12310	SH12310	GS2-003
SH12311	SH12311	GS2-003
SH12312	SH12312	GS2-003
SH12313	SH12313	GS2-003
SH12314	SH12314	GS2-003
SH12315	SH12315	GS2-003
SH12316	SH12316	GS2-003
SH12317	SH12317	GS2-003
SH12319	SH12319	GS2-003
SH12320	SH12320	GS2-003
SH12321	SH12321	GS2-003
SH12322	SH12322	GS2-003
SH12323	SH12323	GS2-003
SH12324	SH12324	GS2-003
SH12325	SH12325	GS2-003
SH12326	SH12326	GS2-003
SH12329	SH12329	GS2-003
SH12330	SH12330	GS2-003
SH12331	SH12331	GS2-003
SH12332	SH12332	GS2-003
SH12333	SH12333	GS1-010
SH12334	SH12334	GS2-003
SH12336	SH12336	GS2-003
SH12337	SH12337	GS2-003
SH12338	SH12338	GS2-003
SH12339	SH12339	GS2-003
SH12340	SH12340	GS2-003
SH12341	SH12341	GS2-003
SH12342	SH12342	GS2-003
SH12343	SH12343	GS2-003
SH12345	SH12345	GS2-003
SH12534	SH12534	GS2-006
SH12535	SH12535	GS2-006
SH12537	SH12537	GS2-006
SH12538	SH12538	GS2-006
SH12539	SH12539	GS2-006
SH12540	SH12540	GS2-006
SH12541	SH12541	GS2-006
SH12543	SH12543	GS2-006
SH12544	SH12544	GS2-006
SH12545	SH12545	GS2-006
SH12546	SH12546	GS2-006
SH12547	SH12547	GS2-006
SH12548	SH12548	GS2-006
SH12549	SH12549	GS2-006
SH12550	SH12550	GS2-006
SH12551	SH12551	GS2-006
SH12552	SH12552	GS2-006
SH12553	SH12553	GS2-006
SH12555	SH12555	GS2-006
SH12556	SH12556	GS2-006
SH12558	SH12558	GS2-006
SH12559	SH12559	GS2-006
SH12560	SH12560	GS2-006
SH12561	SH12561	GS2-006
SH12563	SH12563	GS2-006
SH12564	SH12564	GS2-006
SH12565	SH12565	GS2-006
SH12566	SH12566	GS2-006
SH12567	SH12567	GS2-006
SH12568	SH12568	GS2-006
SH12569	SH12569	GS2-006
SH12570	SH12570	GS2-006
SH12574	SH12574	GS2-006
SH12575	SH12575	GS2-006
SH12577	SH12577	GS2-006
SH12579	SH12579	GS2-006
SH12581	SH12581	GS2-006
SH12584	SH12584	GS2-006
SH12587	SH12587	GS2-006
SH12588	SH12588	GS1-070
SH12589	SH12589	GS2-006
SH12591	SH12591	GS2-006
SH12592	SH12592	GS2-006
SH12594	SH12594	GS2-006
SH12595	SH12595	GS2-006
SH12596	SH12596	GS2-006
SH12597	SH12597	GS2-006
SH12598	SH12598	GS2-006
SH12599	SH12599	GS2-006
SH12603	SH12603	GS2-006
SH12604	SH12604	GS2-006
SH12605	SH12605	GS2-006
SH12606	SH12606	GS2-006
SH12611	SH12611	GS2-006
SH12612	SH12612	GS2-006
SH12613	SH12613	GS2-006
SH12614	SH12614	GS2-006
SH12615	SH12615	GS2-006
SH12616	SH12616	GS2-006
SH12617	SH12617	GS2-006
SH12618	SH12618	GS2-006
SH12619	SH12619	GS2-006
SH12620	SH12620	GS2-006
SH12622	SH12622	GS2-006
SH12623	SH12623	GS2-006
SH12628	SH12628	GS2-006
SH12630	SH12630	GS2-006
SH12632	SH12632	GS2-006
SH12634	SH12634	GS2-006
SH12635	SH12635	GS2-006
SH12637	SH12637	GS2-006
SH12638	SH12638	GS2-006
SH12641	SH12641	GS2-006
SH12642	SH12642	GS2-006
SH12643	SH12643	GS2-006
SH12644	SH12644	GS2-006
SH12645	SH12645	GS2-006
SH12646	SH12646	GS2-006
SH12648	SH12648	GS2-006
SH12650	SH12650	GS2-006
SH12651	SH12651	GS2-006
SH12653	SH12653	GS2-006
SH12654	SH12654	GS2-006
SH12655	SH12655	GS2-006
SH12656	SH12656	GS2-006
SH12657	SH12657	GS2-006
SH12658	SH12658	GS2-006
SH12660	SH12660	GS2-006
SH12661	SH12661	GS2-006
SH12662	SH12662	GS2-006
SH12663	SH12663	GS2-006
SH12664	SH12664	GS2-006
SH12665	SH12665	GS2-006
SH12666	SH12666	GS2-006
SH12667	SH12667	GS2-006
SH12669	SH12669	GS2-006
SH12670	SH12670	GS2-006
SH12671	SH12671	GS2-006
SH12673	SH12673	GS2-006
SH12674	SH12674	GS2-006
SH12675	SH12675	GS2-006
SH12676	SH12676	GS2-006
SH12677	SH12677	GS2-006
SH12678	SH12678	GS2-006
SH12679	SH12679	GS2-006
SH12680	SH12680	GS2-006
SH12681	SH12681	GS2-006
SH12682	SH12682	GS2-006
SH12683	SH12683	GS2-006
SH12684	SH12684	GS2-006
SH12685	SH12685	GS2-006
SH12687	SH12687	GS2-006
SH12689	SH12689	GS2-006
SH12690	SH12690	GS2-006
SH12691	SH12691	GS2-006
SH12692	SH12692	GS2-006
SH12693	SH12693	GS2-006
SH12694	SH12694	GS2-006
SH12695	SH12695	GS2-006
SH12696	SH12696	GS2-006
SH12697	SH12697	GS2-006
SH12698	SH12698	GS2-006
SH12699	SH12699	GS2-006
SH12701	SH12701	GS2-006
SH12702	SH12702	GS2-006
SH12703	SH12703	GS2-006
SH12705	SH12705	GS2-006
SH12707	SH12707	GS2-006
SH12708	SH12708	GS2-006
SH12709	SH12709	GS2-006
SH12710	SH12710	GS2-006
SH12711	SH12711	GS2-006
SH12713	SH12713	GS2-006
SH12716	SH12716	GS2-006
SH12717	SH12717	GS2-006
SH12718	SH12718	GS2-006
SH12719	SH12719	GS2-006
SH12721	SH12721	GS2-006
SH12722	SH12722	GS2-006
SH12725	SH12725	GS2-006
SH12726	SH12726	GS2-006
SH12727	SH12727	GS2-006
SH12728	SH12728	GS2-006
SH12729	SH12729	GS2-006
SH12730	SH12730	GS2-006
SH12732	SH12732	GS2-006
SH12733	SH12733	GS2-006
SH12734	SH12734	GS2-006
SH12736	SH12736	GS2-006
SH12737	SH12737	GS2-006
SH12738	SH12738	GS2-006
SH12739	SH12739	GS2-006
SH12740	SH12740	GS2-006
SH12742	SH12742	GS2-006
SH12749	SH12749	GS2-017
SH12752	SH12752	GS2-017
SH12753	SH12753	GS2-017
SH12757	SH12757	GS2-017
SH12758	SH12758	GS2-014
SH12760	SH12760	GS2-017
SH12763	SH12763	GS2-017
SH12765	SH12765	GS2-017
SH12767	SH12767	GS2-017
SH12768	SH12768	GS2-017
SH12771	SH12771	GS2-017
SH12772	SH12772	GS2-017
SH12773	SH12773	GS2-017
SH12774	SH12774	GS2-017
SH12777	SH12777	GS2-017
SH12778	SH12778	GS2-017
SH12779	SH12779	GS2-017
SH12780	SH12780	GS2-017
SH12782	SH12782	GS2-017
SH12783	SH12783	GS2-017
SH12785	SH12785	GS2-017
SH12787	SH12787	GS2-017
SH12790	SH12790	GS2-017
SH12791	SH12791	GS2-017
SH12792	SH12792	GS2-017
SH12793	SH12793	GS2-017
SH12794	SH12794	GS2-017
SH12795	SH12795	GS2-017
SH12796	SH12796	GS2-017
SH12800	SH12800	GS2-017
SH12802	SH12802	GS2-017
SH12803	SH12803	GS2-017
SH12806	SH12806	GS2-017
SH12808	SH12808	GS2-017
SH12810	SH12810	GS2-017
SH12811	SH12811	GS2-017
SH12814	SH12814	GS2-017
SH12815	SH12815	GS2-017
SH12816	SH12816	GS2-017
SH12820	SH12820	GS2-017
SH12821	SH12821	GS2-017
SH12824	SH12824	GS2-017
SH12828	SH12828	GS2-017
SH12831	SH12831	GS2-017
SH12832	SH12832	GS2-017
SH12834	SH12834	GS2-017
SH12836	SH12836	GS2-017
SH12838	SH12838	GS2-017
SH12840	SH12840	GS2-017
SH12841	SH12841	GS2-017
SH12842	SH12842	GS2-017
SH12843	SH12843	GS2-017
SH12844	SH12844	GS2-017
SH12847	SH12847	GS2-017
SH12848	SH12848	GS2-017
SH12853	SH12853	GS2-017
SH12857	SH12857	GS2-017
SH12859	SH12859	GS2-017
SH12862	SH12862	GS2-017
SH12866	SH12866	GS2-017
SH12868	SH12868	GS2-017
SH12871	SH12871	GS2-017
SH12872	SH12872	GS2-017
SH12873	SH12873	GS2-017
SH12877	SH12877	GS2-017
SH12878	SH12878	GS2-017
SH12879	SH12879	GS2-017
SH12880	SH12880	GS2-017
SH12884	SH12884	GS2-017
SH12886	SH12886	GS2-017
SH12888	SH12888	GS2-017
SH12890	SH12890	GS2-017
SH12892	SH12892	GS2-017
SH12893	SH12893	GS2-017
SH12895	SH12895	GS2-017
SH12896	SH12896	GS2-017
SH12901	SH12901	GS2-017
SH12903	SH12903	GS2-017
SH12904	SH12904	GS2-017
SH12905	SH12905	GS2-017
SH12910	SH12910	GS2-017
SH12912	SH12912	GS2-017
SH12916	SH12916	GS2-017
SH12920	SH12920	GS2-017
SH12925	SH12925	GS2-017
SH12928	SH12928	GS2-017
SH12929	SH12929	GS2-017
SH12931	SH12931	GS2-017
SH12934	SH12934	GS2-017
SH12938	SH12938	GS2-008
SH12939	SH12939	GS2-008
SH12940	SH12940	GS2-008
SH12941	SH12941	GS2-008
SH12943	SH12943	GS2-008
SH12944	SH12944	GS2-008
SH12945	SH12945	GS2-008
SH12946	SH12946	GS2-008
SH12947	SH12947	GS2-008
SH12948	SH12948	GS2-008
SH12950	SH12950	GS2-008
SH12951	SH12951	GS2-008
SH12952	SH12952	GS2-008
SH12953	SH12953	GS2-008
SH12954	SH12954	GS2-008
SH12955	SH12955	GS2-008
SH12957	SH12957	GS2-008
SH12959	SH12959	GS2-008
SH12967	SH12967	GS2-008
SH12970	SH12970	GS2-008
SH12971	SH12971	GS2-008
SH12972	SH12972	GS2-008
SH12974	SH12974	GS2-008
SH12978	SH12978	GS2-008
SH12979	SH12979	GS2-008
SH12983	SH12983	GS2-008
SH12984	SH12984	GS2-008
SH12985	SH12985	GS2-008
SH12986	SH12986	GS2-008
SH12987	SH12987	GS2-008
SH12990	SH12990	GS2-008
SH12993	SH12993	GS2-008
SH12996	SH12996	GS2-008
SH12997	SH12997	GS2-008
SH12998	SH12998	GS2-008
SH13001	SH13001	GS2-008
SH13002	SH13002	GS2-008
SH13004	SH13004	GS2-008
SH13005	SH13005	GS2-008
SH13006	SH13006	GS2-008
SH13007	SH13007	GS2-008
SH13008	SH13008	GS2-008
SH13009	SH13009	GS2-008
SH13010	SH13010	GS2-008
SH13011	SH13011	GS2-008
SH13012	SH13012	GS2-008
SH13014	SH13014	GS2-008
SH13015	SH13015	GS2-008
SH13016	SH13016	GS2-008
SH13017	SH13017	GS2-008
SH13019	SH13019	GS1-070
SH13020	SH13020	GS2-008
SH13021	SH13021	GS2-008
SH13022	SH13022	GS2-008
SH13024	SH13024	GS2-008
SH13025	SH13025	GS2-008
SH13026	SH13026	GS2-008
SH13027	SH13027	GS2-008
SH13028	SH13028	GS2-008
SH13031	SH13031	GS2-008
SH13033	SH13033	GS2-008
SH13034	SH13034	GS2-008
SH13035	SH13035	GS2-008
SH13037	SH13037	GS2-008
SH13038	SH13038	GS2-008
SH13039	SH13039	GS2-008
SH13040	SH13040	GS2-008
SH13041	SH13041	GS2-008
SH13042	SH13042	GS2-008
SH13043	SH13043	GS2-008
SH13045	SH13045	GS2-008
SH13046	SH13046	GS2-008
SH13047	SH13047	GS2-008
SH13049	SH13049	GS2-008
SH13050	SH13050	GS2-008
SH13051	SH13051	GS2-008
SH13052	SH13052	GS2-008
SH13053	SH13053	GS2-008
SH13056	SH13056	GS2-008
SH13058	SH13058	GS2-008
SH13059	SH13059	GS2-008
SH13060	SH13060	GS2-008
SH13062	SH13062	GS2-008
SH13064	SH13064	GS2-008
SH13065	SH13065	GS2-008
SH13066	SH13066	GS2-008
SH13067	SH13067	GS2-008
SH13068	SH13068	GS2-008
SH13069	SH13069	GS2-008
SH13070	SH13070	GS2-008
SH13071	SH13071	GS2-008
SH13072	SH13072	GS2-008
SH13074	SH13074	GS2-008
SH13075	SH13075	GS2-008
SH13076	SH13076	GS2-008
SH13077	SH13077	GS2-008
SH13078	SH13078	GS2-008
SH13079	SH13079	GS2-008
SH13080	SH13080	GS2-008
SH13081	SH13081	GS2-008
SH13082	SH13082	GS2-009
SH13085	SH13085	GS2-009
SH13086	SH13086	GS2-009
SH13087	SH13087	GS2-009
SH13088	SH13088	GS2-009
SH13089	SH13089	GS2-009
SH13091	SH13091	GS2-009
SH13093	SH13093	GS2-009
SH13094	SH13094	GS2-009
SH13095	SH13095	GS2-009
SH13096	SH13096	GS2-009
SH13097	SH13097	GS2-009
SH13098	SH13098	GS2-009
SH13099	SH13099	GS2-009
SH13100	SH13100	GS2-009
SH13101	SH13101	GS2-009
SH13104	SH13104	GS2-009
SH13105	SH13105	GS2-009
SH13106	SH13106	GS2-009
SH13107	SH13107	GS2-009
SH13108	SH13108	GS2-009
SH13109	SH13109	GS2-009
SH13110	SH13110	GS2-009
SH13113	SH13113	GS2-009
SH13115	SH13115	GS2-009
SH13116	SH13116	GS2-009
SH13118	SH13118	GS2-009
SH13121	SH13121	GS2-009
SH13122	SH13122	GS2-009
SH13123	SH13123	GS2-009
SH13125	SH13125	GS2-009
SH13127	SH13127	GS2-009
SH13128	SH13128	GS2-009
SH13129	SH13129	GS2-009
SH13132	SH13132	GS2-009
SH13134	SH13134	GS2-009
SH13135	SH13135	GS2-009
SH13136	SH13136	GS2-009
SH13137	SH13137	GS2-009
SH13138	SH13138	GS2-009
SH13139	SH13139	GS2-009
SH13140	SH13140	GS2-009
SH13142	SH13142	GS2-009
SH13143	SH13143	GS2-009
SH13144	SH13144	GS2-009
SH13145	SH13145	GS2-009
SH13146	SH13146	GS2-009
SH13147	SH13147	GS2-009
SH13148	SH13148	GS2-009
SH13149	SH13149	GS2-009
SH13150	SH13150	GS2-009
SH13151	SH13151	GS2-009
SH13152	SH13152	GS2-009
SH13153	SH13153	GS2-009
SH13154	SH13154	GS2-009
SH13155	SH13155	GS2-009
SH13156	SH13156	GS2-009
SH13158	SH13158	GS2-009
SH13159	SH13159	GS2-009
SH13161	SH13161	GS2-009
SH13163	SH13163	GS2-009
SH13164	SH13164	GS2-009
SH13165	SH13165	GS2-009
SH13166	SH13166	GS2-009
SH13167	SH13167	GS2-009
SH13168	SH13168	GS2-009
SH13169	SH13169	GS2-009
SH13170	SH13170	GS2-009
SH13171	SH13171	GS2-009
SH13172	SH13172	GS2-009
SH13174	SH13174	GS2-009
SH13175	SH13175	GS2-009
SH13176	SH13176	GS2-009
SH13178	SH13178	GS2-009
SH13179	SH13179	GS2-009
SH13180	SH13180	GS2-009
SH13182	SH13182	GS2-009
SH13183	SH13183	GS2-009
SH13184	SH13184	GS2-009
SH13185	SH13185	GS2-009
SH13187	SH13187	GS2-009
SH13188	SH13188	GS2-009
SH13189	SH13189	GS2-009
SH13191	SH13191	GS2-009
SH13192	SH13192	GS2-009
SH13193	SH13193	GS2-009
SH13194	SH13194	GS2-009
SH13196	SH13196	GS2-009
SH13197	SH13197	GS2-009
SH13200	SH13200	GS2-009
SH13201	SH13201	GS2-009
SH13203	SH13203	GS2-009
SH13204	SH13204	GS2-009
SH13205	SH13205	GS2-009
SH13206	SH13206	GS2-009
SH13207	SH13207	GS2-009
SH13208	SH13208	GS2-009
SH13209	SH13209	GS2-009
SH13210	SH13210	GS2-009
SH13211	SH13211	GS2-009
SH13212	SH13212	GS2-009
SH13213	SH13213	GS2-009
SH13214	SH13214	GS2-009
SH13216	SH13216	GS2-009
SH13217	SH13217	GS2-009
SH13218	SH13218	GS2-009
SH13221	SH13221	GS2-009
SH13222	SH13222	GS2-009
SH13224	SH13224	GS2-009
SH13225	SH13225	GS2-009
SH13226	SH13226	GS2-009
SH13227	SH13227	GS2-009
SH13228	SH13228	GS2-009
SH13229	SH13229	GS2-009
SH13230	SH13230	GS2-009
SH13231	SH13231	GS2-009
SH13232	SH13232	GS2-009
SH13233	SH13233	GS2-009
SH13234	SH13234	GS2-009
SH13238	SH13238	GS2-009
SH13239	SH13239	GS2-009
SH13240	SH13240	GS2-009
SH13242	SH13242	GS2-009
SH13244	SH13244	GS2-009
SH13245	SH13245	GS2-009
SH13246	SH13246	GS2-009
SH13247	SH13247	GS2-009
SH13248	SH13248	GS2-009
SH13249	SH13249	GS2-009
SH13250	SH13250	GS2-009
SH13252	SH13252	GS2-009
SH13253	SH13253	GS2-009
SH13254	SH13254	GS2-009
SH13255	SH13255	GS2-009
SH13257	SH13257	GS2-009
SH13258	SH13258	GS2-009
SH13259	SH13259	GS2-009
SH13260	SH13260	GS2-009
SH13261	SH13261	GS2-009
SH13263	SH13263	GS2-009
SH13264	SH13264	GS2-009
SH13265	SH13265	GS2-009
SH13266	SH13266	GS2-009
SH13267	SH13267	GS2-009
SH13268	SH13268	GS2-009
SH13269	SH13269	GS2-009
SH13270	SH13270	GS2-009
SH13271	SH13271	GS2-009
SH13272	SH13272	GS2-009
SH13273	SH13273	GS2-009
SH13274	SH13274	GS2-009
SH13275	SH13275	GS2-009
SH13276	SH13276	GS2-009
SH13277	SH13277	GS2-009
SH13280	SH13280	GS2-009
SH13282	SH13282	GS2-009
SH13284	SH13284	GS2-009
SH13285	SH13285	GS2-009
SH13286	SH13286	GS2-009
SH13288	SH13288	GS2-009
SH13292	SH13292	GS2-009
SH13293	SH13293	GS2-010
SH13294	SH13294	GS2-010
SH13297	SH13297	GS2-010
SH13298	SH13298	GS2-010
SH13299	SH13299	GS2-010
SH13300	SH13300	GS2-010
SH13301	SH13301	GS2-010
SH13303	SH13303	GS2-010
SH13305	SH13305	GS2-010
SH13307	SH13307	GS2-010
SH13308	SH13308	GS2-010
SH13309	SH13309	GS2-010
SH13310	SH13310	GS2-010
SH13311	SH13311	GS2-010
SH13314	SH13314	GS2-010
SH13316	SH13316	GS2-010
SH13317	SH13317	GS2-010
SH13318	SH13318	GS2-010
SH13319	SH13319	GS2-010
SH13320	SH13320	GS2-010
SH13321	SH13321	GS2-010
SH13322	SH13322	GS2-010
SH13324	SH13324	GS2-010
SH13325	SH13325	GS2-010
SH13326	SH13326	GS2-010
SH13327	SH13327	GS2-010
SH13328	SH13328	GS2-010
SH13329	SH13329	GS2-010
SH13331	SH13331	GS2-010
SH13332	SH13332	GS2-010
SH13333	SH13333	GS2-010
SH13336	SH13336	GS2-010
SH13338	SH13338	GS2-010
SH13339	SH13339	GS2-010
SH13340	SH13340	GS2-010
SH13341	SH13341	GS2-010
SH13342	SH13342	GS2-010
SH13343	SH13343	GS2-010
SH13344	SH13344	GS2-010
SH13346	SH13346	GS2-010
SH13348	SH13348	GS2-010
SH13350	SH13350	GS2-010
SH13351	SH13351	GS2-010
SH13352	SH13352	GS2-010
SH13353	SH13353	GS2-010
SH13354	SH13354	GS2-010
SH13355	SH13355	GS2-010
SH13356	SH13356	GS2-010
SH13357	SH13357	GS2-010
SH13358	SH13358	GS2-010
SH13359	SH13359	GS2-010
SH13362	SH13362	GS2-010
SH13363	SH13363	GS2-010
SH13364	SH13364	GS2-010
SH13365	SH13365	GS2-010
SH13366	SH13366	GS2-010
SH13367	SH13367	GS2-010
SH13368	SH13368	GS2-010
SH13369	SH13369	GS2-010
SH13370	SH13370	GS2-010
SH13371	SH13371	GS2-010
SH13372	SH13372	GS2-010
SH13375	SH13375	GS2-010
SH13377	SH13377	GS2-010
SH13378	SH13378	GS2-010
SH13380	SH13380	GS2-010
SH13382	SH13382	GS2-010
SH13383	SH13383	GS2-010
SH13384	SH13384	GS2-010
SH13385	SH13385	GS2-010
SH13386	SH13386	GS2-010
SH13388	SH13388	GS2-010
SH13389	SH13389	GS2-010
SH13390	SH13390	GS2-010
SH13391	SH13391	GS2-009
SH13392	SH13392	GS2-010
SH13393	SH13393	GS2-010
SH13395	SH13395	GS2-010
SH13396	SH13396	GS2-010
SH13397	SH13397	GS2-010
SH13398	SH13398	GS2-010
SH13399	SH13399	GS2-010
SH13401	SH13401	GS2-010
SH13403	SH13403	GS2-010
SH13404	SH13404	GS2-010
SH13405	SH13405	GS2-010
SH13406	SH13406	GS2-010
SH13407	SH13407	GS2-010
SH13408	SH13408	GS2-010
SH13409	SH13409	GS2-010
SH13410	SH13410	GS2-010
SH13413	SH13413	GS2-010
SH13414	SH13414	GS2-010
SH13415	SH13415	GS2-010
SH13416	SH13416	GS2-010
SH13417	SH13417	GS2-010
SH13418	SH13418	GS2-010
SH13420	SH13420	GS2-010
SH13421	SH13421	GS2-010
SH13422	SH13422	GS2-010
SH13423	SH13423	GS2-010
SH13424	SH13424	GS2-010
SH13425	SH13425	GS2-010
SH13426	SH13426	GS2-010
SH13427	SH13427	GS2-010
SH13428	SH13428	GS2-010
SH13429	SH13429	GS2-010
SH13431	SH13431	GS2-010
SH13432	SH13432	GS2-010
SH13434	SH13434	GS2-010
SH13435	SH13435	GS2-010
SH13436	SH13436	GS2-010
SH13437	SH13437	GS2-010
SH13438	SH13438	GS2-010
SH13439	SH13439	GS2-010
SH13441	SH13441	GS2-010
SH13442	SH13442	GS2-010
SH13443	SH13443	GS2-010
SH13444	SH13444	GS2-010
SH13445	SH13445	GS2-010
SH13446	SH13446	GS2-010
SH13447	SH13447	GS2-010
SH13449	SH13449	GS2-010
SH13450	SH13450	GS2-010
SH13451	SH13451	GS2-010
SH13452	SH13452	GS2-010
SH13453	SH13453	GS2-010
SH13454	SH13454	GS2-010
SH13455	SH13455	GS2-010
SH13456	SH13456	GS2-010
SH13457	SH13457	GS2-010
SH13459	SH13459	GS2-010
SH13460	SH13460	GS2-010
SH13461	SH13461	GS2-010
SH13462	SH13462	GS2-010
SH13463	SH13463	GS2-010
SH13464	SH13464	GS2-017
SH13465	SH13465	GS2-010
SH13466	SH13466	GS2-010
SH13467	SH13467	GS2-010
SH13469	SH13469	GS2-010
SH13470	SH13470	GS2-010
SH13471	SH13471	GS2-010
SH13473	SH13473	GS2-010
SH13474	SH13474	GS2-010
SH13475	SH13475	GS2-010
SH13476	SH13476	GS2-010
SH13477	SH13477	GS2-010
SH13480	SH13480	GS2-010
SH13481	SH13481	GS2-010
SH13482	SH13482	GS2-010
SH13483	SH13483	GS2-010
SH13484	SH13484	GS2-011
SH13487	SH13487	GS2-011
SH13488	SH13488	GS2-011
SH13489	SH13489	GS2-011
SH13490	SH13490	GS2-011
SH13492	SH13492	GS2-011
SH13493	SH13493	GS2-011
SH13494	SH13494	GS2-011
SH13496	SH13496	GS2-011
SH13497	SH13497	GS2-011
SH13498	SH13498	GS2-011
SH13499	SH13499	GS2-011
SH13500	SH13500	GS2-011
SH13503	SH13503	GS2-011
SH13504	SH13504	GS2-011
SH13505	SH13505	GS2-011
SH13506	SH13506	GS2-011
SH13507	SH13507	GS2-011
SH13509	SH13509	GS2-011
SH13511	SH13511	GS2-011
SH13512	SH13512	GS2-011
SH13522	SH13522	GS2-011
SH13526	SH13526	GS2-011
SH13529	SH13529	GS2-011
SH13532	SH13532	GS2-011
SH13534	SH13534	GS2-011
SH13536	SH13536	GS2-011
SH13537	SH13537	GS2-011
SH13539	SH13539	GS2-011
SH13540	SH13540	GS2-011
SH13543	SH13543	GS2-011
SH13546	SH13546	GS2-011
SH13547	SH13547	GS2-011
SH13550	SH13550	GS2-011
SH13552	SH13552	GS2-011
SH13554	SH13554	GS2-011
SH13558	SH13558	GS2-011
SH13562	SH13562	GS2-011
SH13564	SH13564	GS2-011
SH13565	SH13565	GS2-011
SH13566	SH13566	GS2-011
SH13571	SH13571	GS2-011
SH13577	SH13577	GS2-011
SH13582	SH13582	GS2-011
SH13584	SH13584	GS2-011
SH13588	SH13588	GS2-011
SH13589	SH13589	GS2-011
SH13593	SH13593	GS2-011
SH13595	SH13595	GS2-011
SH13596	SH13596	GS2-011
SH13598	SH13598	GS2-011
SH13599	SH13599	GS2-011
SH13600	SH13600	GS2-011
SH13601	SH13601	GS2-011
SH13602	SH13602	GS2-011
SH13603	SH13603	GS2-011
SH13605	SH13605	GS2-011
SH13607	SH13607	GS2-011
SH13608	SH13608	GS2-011
SH13609	SH13609	GS2-011
SH13610	SH13610	GS2-011
SH13611	SH13611	GS2-011
SH13612	SH13612	GS2-011
SH13613	SH13613	GS2-011
SH13615	SH13615	GS2-011
SH13616	SH13616	GS2-011
SH13619	SH13619	GS2-011
SH13620	SH13620	GS2-011
SH13621	SH13621	GS2-011
SH13622	SH13622	GS2-011
SH13624	SH13624	GS2-011
SH13625	SH13625	GS2-011
SH13626	SH13626	GS2-011
SH13627	SH13627	GS2-011
SH13628	SH13628	GS2-011
SH13633	SH13633	GS2-011
SH13635	SH13635	GS2-011
SH13636	SH13636	GS2-011
SH13637	SH13637	GS2-011
SH13639	SH13639	GS2-011
SH13640	SH13640	GS2-011
SH13647	SH13647	GS2-011
SH13648	SH13648	GS2-011
SH13649	SH13649	GS2-011
SH13651	SH13651	GS2-011
SH13652	SH13652	GS2-011
SH13653	SH13653	GS2-011
SH13662	SH13662	GS2-011
SH13663	SH13663	GS2-011
SH13665	SH13665	GS2-011
SH13669	SH13669	GS2-011
SH13673	SH13673	GS2-011
SH13674	SH13674	GS2-011
SH13675	SH13675	GS2-011
SH13678	SH13678	GS2-011
SH13679	SH13679	GS2-011
SH13683	SH13683	GS2-011
SH13684	SH13684	GS2-012
SH13689	SH13689	GS2-012
SH13691	SH13691	GS2-012
SH13695	SH13695	GS2-012
SH13697	SH13697	GS2-012
SH13698	SH13698	GS2-012
SH13702	SH13702	GS2-012
SH13713	SH13713	GS2-012
SH13714	SH13714	GS2-012
SH13715	SH13715	GS2-012
SH13716	SH13716	GS2-012
SH13717	SH13717	GS2-012
SH13718	SH13718	GS2-012
SH13720	SH13720	GS2-012
SH13725	SH13725	GS2-012
SH13726	SH13726	GS2-012
SH13730	SH13730	GS2-012
SH13731	SH13731	GS2-012
SH13732	SH13732	GS2-012
SH13737	SH13737	GS2-012
SH13741	SH13741	GS2-012
SH13742	SH13742	GS2-012
SH13743	SH13743	GS2-012
SH13746	SH13746	GS2-012
SH13747	SH13747	GS2-012
SH13748	SH13748	GS2-012
SH13749	SH13749	GS2-012
SH13750	SH13750	GS2-012
SH13751	SH13751	GS2-012
SH13753	SH13753	GS2-012
SH13759	SH13759	GS2-012
SH13762	SH13762	GS2-012
SH13764	SH13764	GS2-012
SH13768	SH13768	GS2-012
SH13769	SH13769	GS2-012
SH13772	SH13772	GS2-012
SH13774	SH13774	GS2-012
SH13776	SH13776	GS2-012
SH13777	SH13777	GS2-012
SH13778	SH13778	GS2-012
SH13779	SH13779	GS2-012
SH13780	SH13780	GS2-012
SH13782	SH13782	GS2-012
SH13784	SH13784	GS2-012
SH13785	SH13785	GS2-012
SH13786	SH13786	GS2-012
SH13787	SH13787	GS2-012
SH13790	SH13790	GS2-012
SH13794	SH13794	GS2-012
SH13796	SH13796	GS2-012
SH13797	SH13797	GS2-012
SH13798	SH13798	GS2-012
SH13799	SH13799	GS2-012
SH13801	SH13801	GS2-012
SH13802	SH13802	GS2-012
SH13805	SH13805	GS2-012
SH13811	SH13811	GS2-012
SH13812	SH13812	GS2-012
SH13814	SH13814	GS2-012
SH13818	SH13818	GS2-012
SH13819	SH13819	GS2-012
SH13820	SH13820	GS2-012
SH13821	SH13821	GS2-022
SH13822	SH13822	GS2-012
SH13823	SH13823	GS2-012
SH13824	SH13824	GS2-012
SH13825	SH13825	GS2-012
SH13827	SH13827	GS2-012
SH13828	SH13828	GS2-012
SH13830	SH13830	GS2-012
SH13831	SH13831	GS2-012
SH13832	SH13832	GS2-012
SH13833	SH13833	GS2-012
SH13835	SH13835	GS2-012
SH13840	SH13840	GS2-012
SH13841	SH13841	GS2-012
SH13844	SH13844	GS2-012
SH13845	SH13845	GS2-012
SH13846	SH13846	GS2-012
SH13848	SH13848	GS2-012
SH13850	SH13850	GS2-012
SH13851	SH13851	GS2-012
SH13852	SH13852	GS2-012
SH13863	SH13863	GS2-012
SH13865	SH13865	GS2-012
SH13868	SH13868	GS2-012
SH13870	SH13870	GS2-022
SH13874	SH13874	GS2-012
SH13875	SH13875	GS2-012
SH13876	SH13876	GS2-012
SH13879	SH13879	GS2-012
SH13881	SH13881	GS2-012
SH13882	SH13882	GS2-012
SH13884	SH13884	GS2-012
SH13887	SH13887	GS2-012
SH13888	SH13888	GS2-012
SH13889	SH13889	GS2-012
SH13891	SH13891	GS2-012
SH13892	SH13892	GS2-013
SH13895	SH13895	GS2-013
SH13899	SH13899	GS2-013
SH13903	SH13903	GS2-013
SH13907	SH13907	GS2-013
SH13908	SH13908	GS2-013
SH13909	SH13909	GS2-013
SH13910	SH13910	GS2-013
SH13911	SH13911	GS2-013
SH13912	SH13912	GS2-013
SH13918	SH13918	GS2-013
SH13919	SH13919	GS2-013
SH13921	SH13921	GS2-013
SH13922	SH13922	GS2-013
SH13926	SH13926	GS2-013
SH13927	SH13927	GS2-013
SH13928	SH13928	GS2-013
SH13929	SH13929	GS2-013
SH13930	SH13930	GS2-013
SH13931	SH13931	GS2-013
SH13932	SH13932	GS2-013
SH13933	SH13933	GS2-013
SH13934	SH13934	GS2-013
SH13938	SH13938	GS2-013
SH13939	SH13939	GS2-013
SH13940	SH13940	GS2-013
SH13941	SH13941	GS2-013
SH13942	SH13942	GS2-013
SH13943	SH13943	GS2-013
SH13944	SH13944	GS2-013
SH13948	SH13948	GS2-013
SH13949	SH13949	GS2-013
SH13951	SH13951	GS2-013
SH13952	SH13952	GS2-013
SH13955	SH13955	GS2-013
SH13958	SH13958	GS2-013
SH13959	SH13959	GS2-013
SH13962	SH13962	GS2-013
SH13963	SH13963	GS2-013
SH13964	SH13964	GS2-013
SH13965	SH13965	GS2-013
SH13966	SH13966	GS2-013
SH13967	SH13967	GS2-013
SH13968	SH13968	GS2-013
SH13969	SH13969	GS2-013
SH13970	SH13970	GS2-013
SH13972	SH13972	GS2-013
SH13973	SH13973	GS2-013
SH13974	SH13974	GS2-013
SH13975	SH13975	GS2-013
SH13978	SH13978	GS2-013
SH13979	SH13979	GS2-013
SH13980	SH13980	GS2-013
SH13981	SH13981	GS2-013
SH13982	SH13982	GS2-013
SH13983	SH13983	GS2-013
SH13985	SH13985	GS2-013
SH13986	SH13986	GS2-013
SH13988	SH13988	GS2-013
SH13990	SH13990	GS2-013
SH13992	SH13992	GS2-013
SH13993	SH13993	GS2-013
SH13995	SH13995	GS2-013
SH13996	SH13996	GS2-013
SH13997	SH13997	GS2-013
SH13998	SH13998	GS2-013
SH13999	SH13999	GS2-013
SH14001	SH14001	GS2-013
SH14002	SH14002	GS2-013
SH14003	SH14003	GS2-013
SH14004	SH14004	GS2-013
SH14006	SH14006	GS2-013
SH14007	SH14007	GS2-013
SH14008	SH14008	GS2-013
SH14009	SH14009	GS2-013
SH14010	SH14010	GS2-013
SH14011	SH14011	GS2-013
SH14012	SH14012	GS2-013
SH14013	SH14013	GS2-013
SH14014	SH14014	GS2-013
SH14015	SH14015	GS2-013
SH14017	SH14017	GS2-013
SH14018	SH14018	GS2-013
SH14019	SH14019	GS2-013
SH14020	SH14020	GS2-013
SH14021	SH14021	GS2-013
SH14022	SH14022	GS2-013
SH14023	SH14023	GS2-013
SH14024	SH14024	GS2-013
SH14025	SH14025	GS2-013
SH14026	SH14026	GS2-013
SH14027	SH14027	GS2-013
SH14028	SH14028	GS2-013
SH14029	SH14029	GS2-013
SH14030	SH14030	GS2-013
SH14031	SH14031	GS2-013
SH14032	SH14032	GS2-013
SH14033	SH14033	GS2-013
SH14034	SH14034	GS2-013
SH14036	SH14036	GS2-013
SH14040	SH14040	GS2-013
SH14041	SH14041	GS2-013
SH14042	SH14042	GS2-013
SH14043	SH14043	GS2-013
SH14044	SH14044	GS2-013
SH14046	SH14046	GS2-013
SH14047	SH14047	GS2-013
SH14048	SH14048	GS2-013
SH14049	SH14049	GS2-013
SH14050	SH14050	GS2-013
SH14052	SH14052	GS2-013
SH14053	SH14053	GS2-013
SH14054	SH14054	GS2-013
SH14055	SH14055	GS2-013
SH14056	SH14056	GS2-013
SH14057	SH14057	GS2-013
SH14058	SH14058	GS2-013
SH14060	SH14060	GS2-013
SH14062	SH14062	GS2-013
SH14063	SH14063	GS2-013
SH14064	SH14064	GS2-013
SH14065	SH14065	GS2-013
SH14066	SH14066	GS2-013
SH14067	SH14067	GS2-013
SH14068	SH14068	GS2-013
SH14069	SH14069	GS2-013
SH14070	SH14070	GS2-013
SH14073	SH14073	GS2-013
SH14074	SH14074	GS2-013
SH14075	SH14075	GS2-013
SH14076	SH14076	GS2-013
SH14078	SH14078	GS2-013
SH14079	SH14079	GS2-013
SH14080	SH14080	GS2-013
SH14081	SH14081	GS2-013
SH14082	SH14082	GS2-013
SH14083	SH14083	GS2-013
SH14084	SH14084	GS2-013
SH14086	SH14086	GS2-013
SH14091	SH14091	GS2-022
SH14092	SH14092	GS2-022
SH14093	SH14093	GS2-022
SH14094	SH14094	GS2-022
SH14095	SH14095	GS2-022
SH14098	SH14098	GS2-022
SH14099	SH14099	GS2-022
SH14100	SH14100	GS2-022
SH14101	SH14101	GS2-022
SH14102	SH14102	GS2-022
SH14103	SH14103	GS2-014
SH14105	SH14105	GS2-022
SH14106	SH14106	GS2-022
SH14107	SH14107	GS2-022
SH14108	SH14108	GS2-022
SH14109	SH14109	GS2-022
SH14110	SH14110	GS2-022
SH14111	SH14111	GS2-022
SH14112	SH14112	GS2-022
SH14114	SH14114	GS2-022
SH14115	SH14115	GS2-022
SH14116	SH14116	GS2-022
SH14117	SH14117	GS2-022
SH14118	SH14118	GS2-022
SH14119	SH14119	GS2-022
SH14120	SH14120	GS2-022
SH14121	SH14121	GS2-022
SH14122	SH14122	GS2-022
SH14123	SH14123	GS2-022
SH14126	SH14126	GS2-022
SH14127	SH14127	GS2-022
SH14129	SH14129	GS2-022
SH14130	SH14130	GS2-022
SH14133	SH14133	GS2-022
SH14134	SH14134	GS2-022
SH14135	SH14135	GS2-022
SH14136	SH14136	GS2-022
SH14137	SH14137	GS2-022
SH14138	SH14138	GS2-022
SH14139	SH14139	GS2-022
SH14140	SH14140	GS2-022
SH14142	SH14142	GS2-022
SH14143	SH14143	GS2-022
SH14144	SH14144	GS2-022
SH14145	SH14145	GS2-022
SH14146	SH14146	GS2-022
SH14147	SH14147	GS2-022
SH14148	SH14148	GS2-022
SH14149	SH14149	GS2-022
SH14150	SH14150	GS2-022
SH14151	SH14151	GS2-022
SH14152	SH14152	GS2-022
SH14153	SH14153	GS2-022
SH14154	SH14154	GS2-022
SH14156	SH14156	GS2-022
SH14157	SH14157	GS2-022
SH14158	SH14158	GS2-022
SH14159	SH14159	GS2-022
SH14160	SH14160	GS2-022
SH14161	SH14161	GS2-022
SH14163	SH14163	GS2-022
SH14164	SH14164	GS2-022
SH14166	SH14166	GS2-022
SH14167	SH14167	GS2-022
SH14168	SH14168	GS2-022
SH14169	SH14169	GS2-022
SH14171	SH14171	GS2-022
SH14172	SH14172	GS2-022
SH14173	SH14173	GS2-022
SH14174	SH14174	GS2-022
SH14175	SH14175	GS2-022
SH14176	SH14176	GS2-022
SH14179	SH14179	GS2-022
SH14180	SH14180	GS2-022
SH14181	SH14181	GS2-022
SH14183	SH14183	GS2-022
SH14184	SH14184	GS2-022
SH14185	SH14185	GS2-022
SH14186	SH14186	GS2-022
SH14187	SH14187	GS2-022
SH14188	SH14188	GS2-022
SH14189	SH14189	GS2-022
SH14190	SH14190	GS2-022
SH14191	SH14191	GS2-022
SH14192	SH14192	GS2-022
SH14193	SH14193	GS2-022
SH14194	SH14194	GS2-022
SH14195	SH14195	GS2-022
SH14196	SH14196	GS2-022
SH14197	SH14197	GS2-022
SH14199	SH14199	GS2-022
SH14200	SH14200	GS2-022
SH14201	SH14201	GS2-022
SH14202	SH14202	GS2-022
SH14203	SH14203	GS2-022
SH14204	SH14204	GS2-022
SH14205	SH14205	GS2-022
SH14207	SH14207	GS2-022
SH14208	SH14208	GS2-022
SH14209	SH14209	GS2-022
SH14210	SH14210	GS2-022
SH14211	SH14211	GS2-022
SH14212	SH14212	GS2-022
SH14213	SH14213	GS2-022
SH14214	SH14214	GS2-022
SH14215	SH14215	GS2-022
SH14216	SH14216	GS2-022
SH14217	SH14217	GS2-022
SH14218	SH14218	GS2-022
SH14219	SH14219	GS2-022
SH14220	SH14220	GS2-022
SH14221	SH14221	GS2-022
SH14222	SH14222	GS2-022
SH14224	SH14224	GS2-022
SH14226	SH14226	GS2-022
SH14227	SH14227	GS2-022
SH14228	SH14228	GS2-022
SH14230	SH14230	GS2-022
SH14232	SH14232	GS2-022
SH14233	SH14233	GS2-022
SH14234	SH14234	GS2-022
SH14235	SH14235	GS2-022
SH14236	SH14236	GS2-022
SH14237	SH14237	GS2-022
SH14238	SH14238	GS2-022
SH14239	SH14239	GS2-022
SH14240	SH14240	GS2-022
SH14241	SH14241	GS2-022
SH14242	SH14242	GS2-022
SH14243	SH14243	GS2-022
SH14245	SH14245	GS2-022
SH14246	SH14246	GS2-022
SH14247	SH14247	GS2-022
SH14248	SH14248	GS2-022
SH14249	SH14249	GS2-022
SH14250	SH14250	GS2-022
SH14252	SH14252	GS2-022
SH14253	SH14253	GS2-022
SH14254	SH14254	GS2-022
SH14255	SH14255	GS2-022
SH14256	SH14256	GS2-022
SH14258	SH14258	GS2-022
SH14259	SH14259	GS2-022
SH14260	SH14260	GS2-022
SH14261	SH14261	GS2-022
SH14264	SH14264	GS2-022
SH14265	SH14265	GS2-022
SH14267	SH14267	GS2-022
SH14269	SH14269	GS2-022
SH14270	SH14270	GS2-022
SH14271	SH14271	GS2-022
SH14272	SH14272	GS2-022
SH14273	SH14273	GS2-022
SH14274	SH14274	GS2-022
SH14276	SH14276	GS2-022
SH14277	SH14277	GS2-022
SH14281	SH14281	GS2-015-3
SH14282	SH14282	GS2-015-3
SH14283	SH14283	GS2-015-3
SH14284	SH14284	GS2-015-3
SH14285	SH14285	GS2-015-3
SH14287	SH14287	GS2-015-3
SH14288	SH14288	GS2-015-3
SH14289	SH14289	GS2-015-3
SH14290	SH14290	GS2-015-3
SH14291	SH14291	GS2-015-3
SH14292	SH14292	GS2-015-3
SH14293	SH14293	GS2-015-3
SH14294	SH14294	GS2-015-3
SH14296	SH14296	GS2-015-3
SH14297	SH14297	GS2-015-3
SH14300	SH14300	GS2-015-3
SH14301	SH14301	GS2-015-3
SH14302	SH14302	GS2-015-3
SH14303	SH14303	GS2-015-3
SH14304	SH14304	GS2-015-3
SH14305	SH14305	GS2-015-3
SH14306	SH14306	GS2-015-3
SH14307	SH14307	GS2-015-3
SH14308	SH14308	GS2-015-3
SH14309	SH14309	GS2-015-3
SH14310	SH14310	GS2-015-3
SH14311	SH14311	GS2-015-3
SH14312	SH14312	GS2-015-3
SH14313	SH14313	GS2-015-3
SH14314	SH14314	GS2-015-3
SH14315	SH14315	GS2-015-3
SH14317	SH14317	GS2-015-3
SH14318	SH14318	GS2-015-3
SH14321	SH14321	GS2-015-3
SH14323	SH14323	GS2-015-3
SH14324	SH14324	GS2-015-3
SH14325	SH14325	GS2-015-3
SH14326	SH14326	GS2-015-3
SH14327	SH14327	GS2-015-3
SH14329	SH14329	GS2-015-3
SH14331	SH14331	GS2-015-3
SH14332	SH14332	GS2-015-3
SH14333	SH14333	GS2-015-3
SH14335	SH14335	GS2-015-3
SH14336	SH14336	GS2-015-3
SH14337	SH14337	GS2-015-3
SH14338	SH14338	GS2-015-3
SH14339	SH14339	GS2-015-3
SH14340	SH14340	GS2-015-3
SH14341	SH14341	GS2-015-3
SH14342	SH14342	GS2-015-3
SH14343	SH14343	GS2-015-3
SH14345	SH14345	GS2-015-3
SH14347	SH14347	GS2-015-3
SH14348	SH14348	GS2-015-3
SH14351	SH14351	GS2-015-3
SH14352	SH14352	GS2-015-3
SH14353	SH14353	GS2-015-3
SH14354	SH14354	GS2-015-3
SH14355	SH14355	GS2-015-3
SH14356	SH14356	GS2-015-3
SH14357	SH14357	GS2-015-3
SH14358	SH14358	GS2-015-3
SH14361	SH14361	GS2-015-3
SH14362	SH14362	GS2-015-3
SH14364	SH14364	GS2-015-3
SH14367	SH14367	GS2-015-3
SH14369	SH14369	GS2-015-3
SH14370	SH14370	GS2-015-3
SH14371	SH14371	GS2-015-3
SH14372	SH14372	GS2-015-3
SH14373	SH14373	GS2-015-3
SH14374	SH14374	GS2-015-3
SH14376	SH14376	GS2-015-3
SH14377	SH14377	GS2-015-3
SH14378	SH14378	GS2-015-3
SH14380	SH14380	GS2-015-3
SH14382	SH14382	GS1-075
SH14383	SH14383	GS2-015-3
SH14384	SH14384	GS2-015-3
SH14385	SH14385	GS2-015-3
SH14386	SH14386	GS2-015-3
SH14387	SH14387	GS2-015-3
SH14389	SH14389	GS2-015-3
SH14390	SH14390	GS2-015-3
SH14391	SH14391	GS2-015-3
SH14392	SH14392	GS2-015-3
SH14393	SH14393	GS2-015-3
SH14394	SH14394	GS2-015-3
SH14395	SH14395	GS2-015-3
SH14396	SH14396	GS2-015-3
SH14397	SH14397	GS2-015-3
SH14399	SH14399	GS2-015-3
SH14400	SH14400	GS2-015-3
SH14401	SH14401	GS2-015-3
SH14402	SH14402	GS2-015-3
SH14403	SH14403	GS2-015-3
SH14404	SH14404	GS2-015-3
SH14405	SH14405	GS2-015-3
SH14406	SH14406	GS2-015-3
SH14407	SH14407	GS2-015-3
SH14408	SH14408	GS2-015-3
SH14409	SH14409	GS2-015-3
SH14410	SH14410	GS2-015-3
SH14411	SH14411	GS2-015-3
SH14413	SH14413	GS2-015-3
SH14415	SH14415	GS2-015-3
SH14416	SH14416	GS2-015-3
SH14417	SH14417	GS2-015-3
SH14418	SH14418	GS2-015-3
SH14419	SH14419	GS2-015-3
SH14420	SH14420	GS2-015-3
SH14421	SH14421	GS2-015-3
SH14422	SH14422	GS2-015-3
SH14423	SH14423	GS2-015-3
SH14424	SH14424	GS2-015-3
SH14425	SH14425	GS2-015-3
SH14426	SH14426	GS2-015-3
SH14428	SH14428	GS2-015-3
SH14429	SH14429	GS2-015-3
SH14430	SH14430	GS2-015-3
SH14431	SH14431	GS2-015-3
SH14432	SH14432	GS2-015-3
SH14433	SH14433	GS2-015-3
SH14434	SH14434	GS2-015-3
SH14435	SH14435	GS2-015-3
SH14436	SH14436	GS2-015-3
SH14437	SH14437	GS2-015-3
SH14438	SH14438	GS2-015-3
SH14439	SH14439	GS2-015-3
SH14441	SH14441	GS2-015-3
SH14442	SH14442	GS2-015-3
SH14443	SH14443	GS2-015-3
SH14444	SH14444	GS2-015-3
SH14446	SH14446	GS2-015-3
SH14447	SH14447	GS2-015-3
SH14448	SH14448	GS2-015-3
SH14449	SH14449	GS2-015-3
SH14450	SH14450	GS2-015-3
SH14451	SH14451	GS2-015-3
SH14452	SH14452	GS2-015-3
SH14453	SH14453	GS2-015-3
SH14454	SH14454	GS2-015-3
SH14456	SH14456	GS2-015-3
SH14457	SH14457	GS2-016-3
SH14460	SH14460	GS2-016-3
SH14461	SH14461	GS2-016-3
SH14462	SH14462	GS2-016-3
SH14463	SH14463	GS2-016-3
SH14465	SH14465	GS2-016-3
SH14466	SH14466	GS2-016-3
SH14467	SH14467	GS2-016-3
SH14468	SH14468	GS2-016-3
SH14469	SH14469	GS2-016-3
SH14470	SH14470	GS2-016-3
SH14471	SH14471	GS2-016-3
SH14472	SH14472	GS2-016-3
SH14473	SH14473	GS2-016-3
SH14474	SH14474	GS2-016-3
SH14475	SH14475	GS2-016-3
SH14476	SH14476	GS2-016-3
SH14477	SH14477	GS2-016-3
SH14478	SH14478	GS2-016-3
SH14479	SH14479	GS2-016-3
SH14480	SH14480	GS2-016-3
SH14481	SH14481	GS2-016-3
SH14482	SH14482	GS2-016-3
SH14483	SH14483	GS2-016-3
SH14484	SH14484	GS2-016-3
SH14485	SH14485	GS2-016-3
SH14486	SH14486	GS2-016-3
SH14487	SH14487	GS2-016-3
SH14488	SH14488	GS2-016-3
SH14489	SH14489	GS2-016-3
SH14490	SH14490	GS2-016-3
SH14491	SH14491	GS2-016-3
SH14492	SH14492	GS2-016-3
SH14493	SH14493	GS2-016-3
SH14494	SH14494	GS2-016-3
SH14495	SH14495	GS2-016-3
SH14496	SH14496	GS2-016-3
SH14497	SH14497	GS2-016-3
SH14498	SH14498	GS2-016-3
SH14500	SH14500	GS2-016-3
SH14501	SH14501	GS2-016-3
SH14504	SH14504	GS2-016-3
SH14506	SH14506	GS2-016-3
SH14508	SH14508	GS2-016-3
SH14509	SH14509	GS2-016-3
SH14510	SH14510	GS2-016-3
SH14513	SH14513	GS2-016-3
SH14514	SH14514	GS2-016-3
SH14517	SH14517	GS2-016-3
SH14518	SH14518	GS2-016-3
SH14519	SH14519	GS2-016-3
SH14520	SH14520	GS2-016-3
SH14522	SH14522	GS2-016-3
SH14523	SH14523	GS2-016-3
SH14524	SH14524	GS2-016-3
SH14525	SH14525	GS2-016-3
SH14527	SH14527	GS2-016-3
SH14528	SH14528	GS2-016-3
SH14530	SH14530	GS2-016-3
SH14531	SH14531	GS2-016-3
SH14532	SH14532	GS2-016-3
SH14533	SH14533	GS2-016-3
SH14534	SH14534	GS2-016-3
SH14535	SH14535	GS2-016-3
SH14536	SH14536	GS2-016-3
SH14537	SH14537	GS2-016-3
SH14538	SH14538	GS2-016-3
SH14539	SH14539	GS2-016-3
SH14540	SH14540	GS2-016-3
SH14541	SH14541	GS2-016-3
SH14543	SH14543	GS2-016-3
SH14544	SH14544	GS2-016-3
SH14545	SH14545	GS2-016-3
SH14561	SH14561	GS2-016-3
SH14562	SH14562	GS2-016-3
SH14563	SH14563	GS2-016-3
SH14564	SH14564	GS2-016-3
SH14565	SH14565	GS2-016-3
SH14566	SH14566	GS2-016-3
SH14567	SH14567	GS2-016-3
SH14568	SH14568	GS2-016-3
SH14569	SH14569	GS2-016-3
SH14572	SH14572	GS2-016-3
SH14573	SH14573	GS2-016-3
SH14574	SH14574	GS2-016-3
SH14575	SH14575	GS2-016-3
SH14576	SH14576	GS2-016-3
SH14578	SH14578	GS2-016-3
SH14579	SH14579	GS2-016-3
SH14580	SH14580	GS2-016-3
SH14581	SH14581	GS2-016-3
SH14582	SH14582	GS2-016-3
SH14583	SH14583	GS2-016-3
SH14584	SH14584	GS2-016-3
SH14586	SH14586	GS2-016-3
SH14587	SH14587	GS2-016-3
SH14588	SH14588	GS2-016-3
SH14590	SH14590	GS2-016-3
SH14591	SH14591	GS2-016-3
SH14592	SH14592	GS2-016-3
SH14593	SH14593	GS2-016-3
SH14594	SH14594	GS2-016-3
SH14595	SH14595	GS2-016-3
SH14596	SH14596	GS2-016-3
SH14597	SH14597	GS2-016-3
SH14598	SH14598	GS2-016-3
SH14599	SH14599	GS2-016-3
SH14601	SH14601	GS2-016-3
SH14603	SH14603	GS2-016-3
SH14604	SH14604	GS2-016-3
SH14605	SH14605	GS2-016-3
SH14606	SH14606	GS2-016-3
SH14607	SH14607	GS2-016-3
SH14608	SH14608	GS2-016-3
SH14609	SH14609	GS2-016-3
SH14610	SH14610	GS2-016-3
SH14611	SH14611	GS2-016-3
SH14612	SH14612	GS2-016-3
SH14613	SH14613	GS2-016-3
SH14615	SH14615	GS2-016-3
SH14616	SH14616	GS2-016-3
SH14617	SH14617	GS2-016-3
SH14618	SH14618	GS2-016-3
SH14619	SH14619	GS2-016-3
SH14620	SH14620	GS2-016-3
SH14621	SH14621	GS2-016-3
SH14622	SH14622	GS2-016-3
SH14623	SH14623	GS2-016-3
SH14625	SH14625	GS2-016-3
SH14626	SH14626	GS2-016-3
SH14627	SH14627	GS2-016-3
SH14628	SH14628	GS2-016-3
SH14630	SH14630	GS2-016-3
SH14632	SH14632	GS2-016-3
SH14633	SH14633	GS2-016-3
SH14634	SH14634	GS2-016-3
SH14635	SH14635	GS2-016-3
SH14636	SH14636	GS2-016-3
SH14637	SH14637	GS2-016-3
SH14638	SH14638	GS2-016-3
SH14640	SH14640	GS2-016-3
SH14641	SH14641	GS2-016-3
SH14642	SH14642	GS2-016-3
SH14643	SH14643	GS2-016-3
SH14644	SH14644	GS2-016-3
SH14645	SH14645	GS2-016-3
SH14646	SH14646	GS2-016-3
SH14647	SH14647	GS2-016-3
SH14648	SH14648	GS2-016-3
SH14649	SH14649	GS2-016-3
SH14650	SH14650	GS2-017
SH14653	SH14653	GS2-017
SH14654	SH14654	GS2-017
SH14655	SH14655	GS2-017
SH14657	SH14657	GS2-007
SH14658	SH14658	GS2-017
SH14659	SH14659	GS2-017
SH14660	SH14660	GS2-017
SH14661	SH14661	GS2-017
SH14662	SH14662	GS2-014
SH14663	SH14663	GS2-017
SH14664	SH14664	GS2-017
SH14666	SH14666	GS2-017
SH14667	SH14667	GS2-017
SH14668	SH14668	GS2-017
SH14669	SH14669	GS2-017
SH14670	SH14670	GS2-017
SH14671	SH14671	GS1-070
SH14672	SH14672	GS2-017
SH14673	SH14673	GS2-017
SH14674	SH14674	GS2-017
SH14675	SH14675	GS2-017
SH14676	SH14676	GS2-017
SH14677	SH14677	GS2-017
SH14678	SH14678	GS2-017
SH14679	SH14679	GS2-017
SH14680	SH14680	GS2-017
SH14681	SH14681	GS2-017
SH14682	SH14682	GS2-017
SH14683	SH14683	GS2-017
SH14684	SH14684	GS2-017
SH14685	SH14685	GS2-017
SH14686	SH14686	GS2-017
SH14687	SH14687	GS2-017
SH14690	SH14690	GS2-017
SH14693	SH14693	GS2-017
SH14695	SH14695	GS2-017
SH14696	SH14696	GS2-017
SH14697	SH14697	GS2-017
SH14699	SH14699	GS2-017
SH14700	SH14700	GS2-017
SH14701	SH14701	GS2-017
SH14704	SH14704	GS2-017
SH14705	SH14705	GS2-017
SH14706	SH14706	GS2-017
SH14707	SH14707	GS2-017
SH14708	SH14708	GS2-017
SH14709	SH14709	GS2-017
SH14710	SH14710	GS2-017
SH14711	SH14711	GS2-017
SH14712	SH14712	GS2-017
SH14713	SH14713	GS2-017
SH14714	SH14714	GS2-017
SH14717	SH14717	GS2-017
SH14718	SH14718	GS2-017
SH14720	SH14720	GS2-017
SH14721	SH14721	GS2-017
SH14722	SH14722	GS2-017
SH14723	SH14723	GS2-017
SH14724	SH14724	GS2-017
SH14725	SH14725	GS2-017
SH14726	SH14726	GS2-017
SH14728	SH14728	GS2-027
SH14729	SH14729	GS2-017
SH14731	SH14731	GS2-017
SH14732	SH14732	GS2-017
SH14733	SH14733	GS2-017
SH14734	SH14734	GS2-017
SH14735	SH14735	GS2-017
SH14737	SH14737	GS2-017
SH14738	SH14738	GS2-017
SH14743	SH14743	GS2-017
SH14744	SH14744	GS2-017
SH14745	SH14745	GS2-017
SH14746	SH14746	GS2-003
SH14747	SH14747	GS2-017
SH14749	SH14749	GS2-017
SH14750	SH14750	GS2-017
SH14751	SH14751	GS2-017
SH14752	SH14752	GS2-017
SH14753	SH14753	GS2-017
SH14754	SH14754	GS2-017
SH14756	SH14756	GS2-017
SH14757	SH14757	GS2-017
SH14758	SH14758	GS2-017
SH14759	SH14759	GS2-017
SH14761	SH14761	GS2-017
SH14762	SH14762	GS2-017
SH14765	SH14765	GS2-017
SH14766	SH14766	GS2-017
SH14767	SH14767	GS2-017
SH14768	SH14768	GS2-017
SH14769	SH14769	GS2-017
SH14770	SH14770	GS2-017
SH14771	SH14771	GS2-017
SH14772	SH14772	GS2-017
SH14773	SH14773	GS2-017
SH14774	SH14774	GS2-017
SH14775	SH14775	GS2-017
SH14776	SH14776	GS2-017
SH14777	SH14777	GS2-017
SH14778	SH14778	GS1-070
SH14779	SH14779	GS2-017
SH14780	SH14780	GS2-017
SH14781	SH14781	GS2-017
SH14782	SH14782	GS2-017
SH14783	SH14783	GS2-017
SH14784	SH14784	GS2-017
SH14785	SH14785	GS2-017
SH14790	SH14790	GS2-017
SH14791	SH14791	GS2-017
SH14792	SH14792	GS2-017
SH14793	SH14793	GS2-017
SH14794	SH14794	GS2-017
SH14795	SH14795	GS2-017
SH14796	SH14796	GS2-017
SH14797	SH14797	GS2-017
SH14798	SH14798	GS2-017
SH14799	SH14799	GS2-017
SH14800	SH14800	GS2-017
SH14803	SH14803	GS2-017
SH14804	SH14804	GS2-017
SH14805	SH14805	GS2-017
SH14806	SH14806	GS2-017
SH14807	SH14807	GS2-017
SH14808	SH14808	GS2-017
SH14809	SH14809	GS2-017
SH14811	SH14811	GS2-017
SH14812	SH14812	GS2-017
SH14813	SH14813	GS2-017
SH14814	SH14814	GS2-017
SH14815	SH14815	GS2-017
SH14817	SH14817	GS2-017
SH14818	SH14818	GS2-017
SH14819	SH14819	GS2-017
SH14821	SH14821	GS2-017
SH14823	SH14823	GS2-017
SH14824	SH14824	GS2-017
SH14826	SH14826	GS2-017
SH14828	SH14828	GS2-017
SH14830	SH14830	GS2-017
SH14831	SH14831	GS2-017
SH14832	SH14832	GS2-017
SH14833	SH14833	GS1-024
SH14834	SH14834	GS2-017
SH14837	SH14837	GS2-018-2
SH14842	SH14842	GS2-018-2
SH14843	SH14843	GS2-018-2
SH14844	SH14844	GS2-018-2
SH14847	SH14847	GS2-018-2
SH14848	SH14848	GS2-018-2
SH15246	SH15246	GS2-020
SH15378	SH15378	GS2-020
SH15425	SH15425	GS2-020
SH15457	SH15457	GS2-022
SH15473	SH15473	GS2-022
SH15475	SH15475	GS2-022
SH15591	SH15591	GS2-022
SH15599	SH15599	GS2-022
SH15619	SH15619	GS2-022
SH15620	SH15620	GS2-022
SH15623	SH15623	GS2-022
SH15639	SH15639	GS2-022
SH15658	SH15658	GS2-024
SH15660	SH15660	GS2-024
SH15667	SH15667	GS2-024
SH15673	SH15673	GS2-024
SH15674	SH15674	GS2-024
SH15773	SH15773	GS2-024
SH15785	SH15785	GS2-024
SH15797	SH15797	GS2-024
SH15816	SH15816	GS2-024
SH15861	SH15861	GS2-025
SH16005	SH16005	GS2-025
SH16022	SH16022	GS2-027
SH16157	SH16157	GS2-027
SH16166	SH16166	GS2-027
SH16170	SH16170	GS2-027
SH16177	SH16177	GS2-027
SH16185	SH16185	GS2-027
SH16199	SH16199	GS2-027
SH16215	SH16215	GS2-028
SH16218	SH16218	GS2-028
SH16327	SH16327	GS2-028
SH16370	SH16370	GS2-029
SH16383	SH16383	GS2-029
SH16389	SH16389	GS2-029
SH16464	SH16464	GS2-029
SH16510	SH16510	GS2-029
SH16512	SH16512	GS2-029
SH16528	SH16528	GS2-029
SH16724	SH16724	GS2-030
SH16736	SH16736	GS2-031
SH16738	SH16738	GS2-031
SH16922	SH16922	GS2-031
SH16924	SH16924	GS2-032
SH16926	SH16926	GS2-032
SH16928	SH16928	GS2-032
SH16929	SH16929	GS2-032
SH16930	SH16930	GS2-032
SH16932	SH16932	GS2-032
SH16933	SH16933	GS2-032
SH16934	SH16934	GS1-070
SH16935	SH16935	GS2-032
SH16936	SH16936	GS2-032
SH16937	SH16937	GS2-032
SH16938	SH16938	GS2-032
SH16939	SH16939	GS1-070
SH16940	SH16940	GS2-032
SH16944	SH16944	GS2-032
SH16945	SH16945	GS2-032
SH16946	SH16946	GS2-032
SH16948	SH16948	GS2-032
SH16949	SH16949	GS2-032
SH16950	SH16950	GS2-032
SH16951	SH16951	GS2-032
SH16952	SH16952	GS2-032
SH16954	SH16954	GS2-032
SH16956	SH16956	GS2-032
SH16957	SH16957	GS2-032
SH16958	SH16958	GS2-032
SH16959	SH16959	GS2-032
SH16961	SH16961	GS1-070
SH16962	SH16962	GS2-032
SH16963	SH16963	GS2-032
SH16964	SH16964	GS2-032
SH16965	SH16965	GS2-032
SH16968	SH16968	GS2-032
SH16969	SH16969	GS2-032
SH16970	SH16970	GS2-032
SH16973	SH16973	GS2-032
SH16974	SH16974	GS1-070
SH16975	SH16975	GS2-032
SH16977	SH16977	GS2-032
SH16978	SH16978	GS2-032
SH16979	SH16979	GS2-032
SH16980	SH16980	GS2-032
SH16983	SH16983	GS2-032
SH16984	SH16984	GS2-032
SH16985	SH16985	GS2-032
SH16986	SH16986	GS2-032
SH16988	SH16988	GS2-032
SH16989	SH16989	GS2-032
SH16990	SH16990	GS2-032
SH16991	SH16991	GS2-032
SH16992	SH16992	GS2-032
SH16993	SH16993	GS2-032
SH16995	SH16995	GS2-032
SH16997	SH16997	GS1-070
SH16998	SH16998	GS2-032
SH17000	SH17000	GS2-032
SH17001	SH17001	GS2-032
SH17002	SH17002	GS2-032
SH17003	SH17003	GS1-027
SH17004	SH17004	GS1-070
SH17005	SH17005	GS1-070
SH17006	SH17006	GS2-032
SH17007	SH17007	GS2-032
SH17008	SH17008	GS2-032
SH17009	SH17009	GS2-032
SH17010	SH17010	GS2-032
SH17011	SH17011	GS2-032
SH17013	SH17013	GS2-032
SH17014	SH17014	GS2-032
SH17015	SH17015	GS2-032
SH17016	SH17016	GS2-032
SH17018	SH17018	GS2-032
SH17019	SH17019	GS2-032
SH17021	SH17021	GS2-032
SH17022	SH17022	GS2-032
SH17023	SH17023	GS2-032
SH17024	SH17024	GS2-032
SH17026	SH17026	GS2-032
SH17027	SH17027	GS2-032
SH17028	SH17028	GS2-032
SH17029	SH17029	GS2-032
SH17030	SH17030	GS2-032
SH17031	SH17031	GS2-032
SH17032	SH17032	GS2-032
SH17033	SH17033	GS2-032
SH17034	SH17034	GS2-032
SH17035	SH17035	GS2-032
SH17036	SH17036	GS1-032
SH17038	SH17038	GS2-032
SH17039	SH17039	GS2-032
SH17040	SH17040	GS2-032
SH17041	SH17041	GS2-032
SH17042	SH17042	GS2-032
SH17043	SH17043	GS2-032
SH17044	SH17044	GS2-032
SH17045	SH17045	GS2-032
SH17046	SH17046	GS2-032
SH17047	SH17047	GS2-032
SH17050	SH17050	GS2-032
SH17052	SH17052	GS2-032
SH17053	SH17053	GS2-032
SH17055	SH17055	GS2-032
SH17056	SH17056	GS2-032
SH17057	SH17057	GS2-032
SH17058	SH17058	GS2-032
SH17059	SH17059	GS2-032
SH17060	SH17060	GS2-032
SH17062	SH17062	GS2-032
SH17063	SH17063	GS2-032
SH17064	SH17064	GS2-032
SH17071	SH17071	GS2-032
SH17072	SH17072	GS2-032
SH17073	SH17073	GS2-032
SH17075	SH17075	GS2-032
SH17076	SH17076	GS2-032
SH17079	SH17079	GS2-032
SH17080	SH17080	GS2-032
SH17082	SH17082	GS2-032
SH17083	SH17083	GS2-032
SH17084	SH17084	GS2-032
SH17085	SH17085	GS2-032
SH17086	SH17086	GS2-032
SH17089	SH17089	GS2-032
SH17094	SH17094	GS2-032
SH17095	SH17095	GS2-032
SH17100	SH17100	GS2-032
SH17102	SH17102	GS2-032
SH17103	SH17103	GS2-032
SH17104	SH17104	GS2-032
SH17105	SH17105	GS2-032
SH17106	SH17106	GS2-032
SH17107	SH17107	GS2-032
SH17108	SH17108	GS2-032
SH17110	SH17110	GS2-032
SH17118	SH17118	GS2-033
SH17120	SH17120	GS2-033
SH17259	SH17259	GS2-033
SH17263	SH17263	GS2-033
SH17265	SH17265	GS2-033
SH17266	SH17266	GS2-033
SH15215	SH15215	GS2-019
SH13054	SH13054	GS2-008
SH14955	SH14955	GS2-018-2
SH14963	SH14963	GS2-018-2
SH15155	SH15155	GS2-019
SH14958	SH14958	GS2-018-2
SH15207	SH15207	GS2-019
SH15171	SH15171	GS2-019
SH12069	SH12069	GS2-002
SH14629	SH14629	GS2-016-3
SH13323	SH13323	GS2-010
SH14960	SH14960	GS2-018-2
SH15143	SH15143	GS2-019
SH14742	SH14742	GS2-017
SH12962	SH12962	GS2-008
SH14962	SH14962	GS2-018-2
SH14549	SH14549	GS2-016-3
SH12966	SH12966	GS2-008
SH13519	SH13519	GS2-011
SH15170	SH15170	GS2-019
SH15167	SH15167	GS2-019
SH15145	SH15145	GS2-019
SH15141	SH15141	GS2-019
SH15006	SH15006	GS2-018-2
SH15115	SH15115	GS2-019
SH11846	SH11846	GS2-001
SH14994	SH14994	GS2-018-2
SH14917	SH14917	GS2-018-2
SH14967	SH14967	GS2-018-2
SH14703	SH14703	GS2-017
SH15212	SH15212	GS2-019
SH13000	SH13000	GS2-008
SH12557	SH12557	GS2-006
SH15788	SH15788	GS2-024
SH15161	SH15161	GS2-019
SH12216	SH12216	GS2-003
SH14870	SH14870	GS2-018-2
SH15148	SH15148	GS2-019
SH14992	SH14992	GS2-018-2
SH14867	SH14867	GS2-018-2
SH14968	SH14968	GS2-018-2
SH15166	SH15166	GS2-019
SH13003	SH13003	GS2-008
SH15002	SH15002	GS2-018-2
SH15189	SH15189	GS2-019
SH14989	SH14989	GS2-018-2
SH10724	SH10724	GS1-079-2
SH14556	SH14556	GS2-016-3
SH15202	SH15202	GS2-019
SH15187	SH15187	GS2-019
SH12159	SH12159	GS2-003
SH14959	SH14959	GS2-018-2
SH12968	SH12968	GS2-008
SH14875	SH14875	GS2-018-2
SH12973	SH12973	GS2-008
SH15144	SH15144	GS2-019
SH15214	SH15214	GS2-019
SH15153	SH15153	GS2-019
SH15181	SH15181	GS2-019
SH15209	SH15209	GS2-019
SH12160	SH12160	GS2-003
SH14925	SH14925	GS2-018-2
SH15056	SH15056	GS2-019
SH15225	SH15225	GS2-019
SH15095	SH15095	GS2-019
SH15139	SH15139	GS2-019
SH15146	SH15146	GS2-019
SH13114	SH13114	GS2-009
SH14948	SH14948	GS2-018-2
SH14554	SH14554	GS2-016-3
SH17065	SH17065	GS2-032
SH14698	SH14698	GS2-017
SH14552	SH14552	GS2-016-3
SH12193	SH12193	GS2-003
SH15185	SH15185	GS2-019
SH15066	SH15066	GS2-019
SH12975	SH12975	GS2-008
SH12917	SH12917	GS2-017
SH15152	SH15152	GS2-019
SH14039	SH14039	GS2-013
SH15007	SH15007	GS2-018-2
SH12969	SH12969	GS2-008
SH14861	SH14861	GS2-018-2
SH14970	SH14970	GS2-018-2
SH14899	SH14899	GS2-018-2
SH14996	SH14996	GS2-018-2
SH15142	SH15142	GS2-019
SH13256	SH13256	GS2-009
SH14748	SH14748	GS1-013
SH15230	SH15230	GS2-019
SH14938	SH14938	GS2-018-2
SH14880	SH14880	GS2-018-2
SH14557	SH14557	GS2-016-3
SH14956	SH14956	GS2-018-2
SH14911	SH14911	GS2-018-2
SH14927	SH14927	GS2-018-2
SH14876	SH14876	GS2-018-2
SH14985	SH14985	GS2-018-2
SH15190	SH15190	GS2-019
SH15044	SH15044	GS2-019
SH15217	SH15217	GS2-019
SH14991	SH14991	GS2-018-2
SH12047	SH12047	GS2-002
SH15168	SH15168	GS2-019
SH14983	SH14983	GS2-018-2
SH15069	SH15069	GS2-019
SH14516	SH14516	GS2-016-3
SH13440	SH13440	GS2-010
SH13704	SH13704	GS2-012
SH12649	SH12649	GS2-006
SH15113	SH15113	GS2-019
SH14965	SH14965	GS2-018-2
SH14366	SH14366	GS2-015-3
SH15030	SH15030	GS2-018-2
SH15140	SH15140	GS2-019
SH13374	SH13374	GS2-010
SH15178	SH15178	GS2-019
SH15005	SH15005	GS2-018-2
SH13719	SH13719	GS2-012
SH15064	SH15064	GS2-019
SH15220	SH15220	GS2-019
SH15080	SH15080	GS2-019
SH14507	SH14507	GS2-016-3
SH13541	SH13541	GS2-011
SH15068	SH15068	GS2-019
SH14972	SH14972	GS2-018-2
SH15011	SH15011	GS2-018-2
SH14571	SH14571	GS2-016-3
SH12992	SH12992	GS2-008
SH14891	SH14891	GS2-018-2
SH13575	SH13575	GS2-011
SH13700	SH13700	GS2-012
SH14016	SH14016	GS2-013
SH12735	SH12735	GS2-006
SH15162	SH15162	GS2-019
SH15131	SH15131	GS2-019
SH14952	SH14952	GS2-018-2
SH12178	SH12178	GS2-003
SH13032	SH13032	GS2-008
SH14978	SH14978	GS2-018-2
SH11923	SH11923	GS2-001
SH14850	SH14850	GS2-018-2
SH13102	SH13102	GS2-009
SH12995	SH12995	GS2-008
SH14881	SH14881	GS2-018-2
SH14038	SH14038	GS2-013
SH15118	SH15118	GS2-019
SH14964	SH14964	GS2-018-2
SH15136	SH15136	GS2-019
SH15218	SH15218	GS2-019
SH13073	SH13073	GS2-008
SH15157	SH15157	GS2-019
SH14982	SH14982	GS2-018-2
SH15023	SH15023	GS2-018-2
SH15021	SH15021	GS2-018-2
SH14935	SH14935	GS2-018-2
SH15174	SH15174	GS2-019
SH14933	SH14933	GS2-018-2
SH15179	SH15179	GS2-019
SH15192	SH15192	GS2-019
SH14995	SH14995	GS2-018-2
SH14871	SH14871	GS2-018-2
SH15090	SH15090	GS2-019
SH15122	SH15122	GS2-019
SH15042	SH15042	GS2-019
SH15191	SH15191	GS2-019
SH15046	SH15046	GS2-019
SH15058	SH15058	GS2-019
SH12976	SH12976	GS2-008
SH14904	SH14904	GS2-018-2
SH12571	SH12571	GS2-006
SH14915	SH14915	GS2-018-2
SH14884	SH14884	GS2-018-2
SH14971	SH14971	GS2-018-2
SH14895	SH14895	GS2-018-2
SH13694	SH13694	GS2-012
SH15106	SH15106	GS2-019
SH12741	SH12741	GS2-006
SH14919	SH14919	GS2-018-2
SH15024	SH15024	GS2-018-2
SH15196	SH15196	GS2-019
SH14901	SH14901	GS2-018-2
SH15208	SH15208	GS2-019
SH15022	SH15022	GS2-018-2
SH14873	SH14873	GS2-018-2
SH12918	SH12918	GS2-009
SH14893	SH14893	GS2-018-2
SH14851	SH14851	GS2-018-2
SH15063	SH15063	GS2-019
SH15049	SH15049	GS2-019
SH14558	SH14558	GS2-016-3
SH14957	SH14957	GS2-018-2
SH14631	SH14631	GS2-016-3
SH14966	SH14966	GS2-018-2
SH14262	SH14262	GS2-022
SH14930	SH14930	GS2-018-2
SH15027	SH15027	GS2-018-2
SH15127	SH15127	GS2-019
SH13036	SH13036	GS2-008
SH14275	SH14275	GS2-022
SH15125	SH15125	GS2-019
SH15070	SH15070	GS2-019
SH13740	SH13740	GS2-012
SH12958	SH12958	GS2-008
SH12155	SH12155	GS2-003
SH15017	SH15017	GS2-018-2
SH14553	SH14553	GS2-016-3
SH15227	SH15227	GS2-019
SH15019	SH15019	GS2-018-2
SH14877	SH14877	GS2-018-2
SH15078	SH15078	GS2-019
SH14560	SH14560	GS2-016-3
SH15092	SH15092	GS2-019
SH14921	SH14921	GS2-018-2
SH15154	SH15154	GS2-019
SH14932	SH14932	GS2-018-2
SH13055	SH13055	GS2-008
SH14977	SH14977	GS2-018-2
SH14512	SH14512	GS2-016-3
SH15013	SH15013	GS2-018-2
SH13510	SH13510	GS2-011
SH14923	SH14923	GS2-018-2
SH14860	SH14860	GS2-018-2
SH14883	SH14883	GS2-018-2
SH14980	SH14980	GS2-018-2
SH14907	SH14907	GS2-018-2
SH15116	SH15116	GS2-019
SH14979	SH14979	GS2-018-2
SH15038	SH15038	GS2-018-2
SH15010	SH15010	GS2-018-2
SH14934	SH14934	GS2-018-2
SH14715	SH14715	GS2-017
SH14999	SH14999	GS2-018-2
SH14104	SH14104	GS2-022
SH12202	SH12202	GS2-003
SH15048	SH15048	GS2-019
SH12961	SH12961	GS2-008
SH14890	SH14890	GS2-018-2
SH13057	SH13057	GS2-008
SH13766	SH13766	GS2-012
SH15014	SH15014	GS2-018-2
SH13572	SH13572	GS2-011
SH12142	SH12142	GS2-002
SH14885	SH14885	GS2-018-2
SH15012	SH15012	GS2-018-2
SH14879	SH14879	GS2-018-2
SH13767	SH13767	GS2-012
SH15072	SH15072	GS2-019
SH13508	SH13508	GS2-011
SH15008	SH15008	GS2-018-2
SH14577	SH14577	GS2-016-3
SH14928	SH14928	GS2-018-2
SH13347	SH13347	GS2-010
SH14789	SH14789	GS2-017
SH15156	SH15156	GS2-019
SH14945	SH14945	GS2-018-2
SH14922	SH14922	GS2-018-2
SH14974	SH14974	GS2-018-2
SH13696	SH13696	GS2-012
SH15186	SH15186	GS2-019
SH14896	SH14896	GS2-018-2
SH14941	SH14941	GS2-018-2
SH17070	SH17070	GS2-032
SH14909	SH14909	GS2-018-2
SH14865	SH14865	GS2-018-2
SH15158	SH15158	GS2-019
SH15216	SH15216	GS2-019
SH15026	SH15026	GS2-018-2
SH14902	SH14902	GS2-018-2
SH14961	SH14961	GS2-018-2
SH15020	SH15020	GS2-018-2
SH15119	SH15119	GS2-019
SH15000	SH15000	GS2-018-2
SH14940	SH14940	GS2-018-2
SH14976	SH14976	GS2-018-2
SH12158	SH12158	GS2-003
SH13312	SH13312	GS2-010
SH15059	SH15059	GS2-019
SH15004	SH15004	GS2-018-2
SH12750	SH12750	GS2-017
SH14892	SH14892	GS2-018-2
SH14993	SH14993	GS2-018-2
SH13472	SH13472	GS2-010
SH14872	SH14872	GS2-018-2
SH15034	SH15034	GS2-018-2
SH15073	SH15073	GS2-019
SH15086	SH15086	GS2-019
SH14878	SH14878	GS2-018-2
SH15031	SH15031	GS2-018-2
SH15055	SH15055	GS2-019
SH12930	SH12930	GS2-017
SH15089	SH15089	GS2-019
SH15029	SH15029	GS2-018-2
SH14916	SH14916	GS2-018-2
SH14920	SH14920	GS2-018-2
SH15180	SH15180	GS2-019
SH13220	SH13220	GS2-009
SH14854	SH14854	GS2-018-2
SH12015	SH12015	GS2-002
SH13757	SH13757	GS2-012
SH14973	SH14973	GS2-018-2
SH13693	SH13693	GS2-012
SH15074	SH15074	GS2-019
SH15018	SH15018	GS2-018-2
SH15107	SH15107	GS2-019
SH15052	SH15052	GS2-019
SH15045	SH15045	GS2-019
SH14853	SH14853	GS2-018-2
SH15079	SH15079	GS2-019
SH11797	SH11797	GS2-001
SH14998	SH14998	GS2-018-2
SH14874	SH14874	GS2-018-2
SH15028	SH15028	GS2-018-2
SH11798	SH11798	GS2-001
SH15130	SH15130	GS2-019
SH14946	SH14946	GS2-018-2
SH15009	SH15009	GS2-018-2
SH15138	SH15138	GS2-019
SH14888	SH14888	GS2-018-2
SH13773	SH13773	GS2-012
SH15071	SH15071	GS2-019
SH14910	SH14910	GS2-018-2
SH13687	SH13687	GS2-012
SH14988	SH14988	GS2-018-2
SH14906	SH14906	GS2-018-2
SH14931	SH14931	GS2-018-2
SH15077	SH15077	GS2-019
SH14866	SH14866	GS2-018-2
SH14990	SH14990	GS2-018-2
SH15128	SH15128	GS2-019
SH14926	SH14926	GS2-018-2
SH14914	SH14914	GS2-018-2
SH17017	SH17017	GS2-032
SH14929	SH14929	GS2-018-2
SH15051	SH15051	GS2-019
SH13495	SH13495	GS2-011
SH15091	SH15091	GS2-019
SH13223	SH13223	GS2-009
SH12960	SH12960	GS2-008
SH14162	SH14162	GS2-022
SH15129	SH15129	GS2-019
SH12805	SH12805	GS2-017
SH15135	SH15135	GS2-019
SH14903	SH14903	GS2-018-2
SH17087	SH17087	GS2-032
SH14868	SH14868	GS2-018-2
SH15120	SH15120	GS2-019
SH14986	SH14986	GS2-018-2
SH14908	SH14908	GS2-018-2
SH17048	SH17048	GS2-032
SH13739	SH13739	GS2-012
SH14864	SH14864	GS2-018-2
SH15076	SH15076	GS2-019
SH15081	SH15081	GS2-019
SH14969	SH14969	GS2-018-2
SH12126	SH12126	GS2-002
SH14863	SH14863	GS2-018-2
SH15033	SH15033	GS2-018-2
SH15193	SH15193	GS2-019
SH15016	SH15016	GS2-018-2
SH15134	SH15134	GS2-019
SH15182	SH15182	GS2-019
SH14124	SH14124	GS2-022
SH12562	SH12562	GS2-006
SH14898	SH14898	GS2-018-2
SH15050	SH15050	GS2-019
SH16982	SH16982	GS2-032
SH14947	SH14947	GS2-018-2
SH14950	SH14950	GS2-018-2
SH13162	SH13162	GS2-003
SH14981	SH14981	GS2-018-2
SH15102	SH15102	GS2-019
SH13313	SH13313	GS2-010
SH12633	SH12633	GS2-006
SH14852	SH14852	GS2-014
SH12131	SH12131	GS2-002
SH13521	SH13521	GS2-011
SH14905	SH14905	GS2-018-2
SH15067	SH15067	GS2-019
SH14942	SH14942	GS2-018-2
SH13708	SH13708	GS2-012
SH15133	SH15133	GS2-019
SH12720	SH12720	GS2-006
SH15065	SH15065	GS2-019
SH15032	SH15032	GS2-018-2
SH13215	SH13215	GS2-009
SH13761	SH13761	GS2-012
SH17091	SH17091	GS2-032
SH14559	SH14559	GS2-016-3
SH15232	SH15232	GS2-019
